as_of_date,product_line_code,aging_bucket,open_claim_count,case_reserve,net_paid_to_date,avg_days_open,max_days_open
2025-12-31,CPROP,0-30 days,1,6426.81,1472.81,22.0,22
2025-12-31,CPROP,91-180 days,1,187.48,1191.06,108.0,108
2025-12-31,GLIAB,0-30 days,3,15464.77,2783.04,22.3,26
2025-12-31,GLIAB,31-90 days,1,10200.12,6354.85,90.0,90
2025-12-31,GLIAB,181-365 days,3,10688.78,14806.60,282.7,364
2025-12-31,GLIAB,365+ days,4,13021.02,24252.33,458.8,553
2025-12-31,HOME,31-90 days,3,683.55,3885.09,71.0,87
2025-12-31,HOME,91-180 days,3,667.28,453.76,125.0,142
2025-12-31,HOME,181-365 days,1,339.42,3326.25,218.0,218
2025-12-31,PAUTO,0-30 days,4,5594.76,3901.34,9.0,18
2025-12-31,PAUTO,31-90 days,3,559.69,1561.38,60.7,87
2025-12-31,PAUTO,91-180 days,2,583.83,1306.18,150.5,157
