calendar_month,product_line_code,written_premium,earned_premium,paid_loss,incurred_loss,claim_count,paid_loss_ratio,incurred_loss_ratio,rolling_12m_loss_ratio
2025-10-01,CPROP,19636.87,19451.78,4754.10,0.00,0,0.2444,0.0000,0.2751
2025-10-01,GLIAB,15395.38,15730.27,2434.80,13935.73,2,0.1548,0.8859,0.4370
2025-10-01,HOME,10712.18,10948.50,421.18,1444.15,3,0.0385,0.1319,0.4637
2025-10-01,PAUTO,8731.69,9007.65,39166.02,3557.63,4,4.3481,0.3950,0.8572
2025-10-01,RENT,829.21,822.37,133.16,74.02,1,0.1619,0.0900,0.4217
2025-11-01,CPROP,20952.36,19270.52,4935.88,0.00,0,0.2561,0.0000,0.2714
2025-11-01,GLIAB,13617.38,13997.12,5409.21,4312.08,1,0.3865,0.3081,0.4385
2025-11-01,HOME,11018.97,10616.00,2126.22,3124.49,1,0.2003,0.2943,0.4607
2025-11-01,PAUTO,8517.80,8522.21,611.66,584.89,2,0.0718,0.0686,0.8034
2025-11-01,RENT,817.90,794.47,101.93,371.89,1,0.1283,0.4681,0.3253
2025-12-01,CPROP,20019.89,20405.16,4499.62,7899.62,1,0.2205,0.3871,0.3065
2025-12-01,GLIAB,13008.15,13656.22,7713.89,0.00,0,0.5649,0.0000,0.3614
2025-12-01,HOME,10659.03,10864.67,3113.04,0.00,0,0.2865,0.0000,0.4462
2025-12-01,PAUTO,8010.58,8289.45,6195.95,9496.10,4,0.7475,1.1456,0.8827
2025-12-01,RENT,755.94,785.03,371.89,0.00,0,0.4737,0.0000,0.2642
