payment_id,claim_id,payment_date,payment_type,amount_cents,_loaded_at
PAY0000320,C000115,2024-01-31,INDEMNITY,33074,2024-02-01 02:00:00
PAY0000321,C000115,2024-02-14,EXPENSE,2646,2024-02-15 02:00:00
PAY0000132,C000047,2024-02-27,INDEMNITY,77045,2024-02-28 02:00:00
PAY0000213,C000076,2024-03-27,INDEMNITY,19994,2024-03-28 02:00:00
PAY0000133,C000047,2024-04-09,INDEMNITY,73171,2024-04-10 02:00:00
PAY0000182,C000067,2024-04-10,INDEMNITY,60829,2024-04-11 02:00:00
PAY0000134,C000047,2024-04-11,EXPENSE,12017,2024-04-12 02:00:00
PAY0000183,C000067,2024-04-13,INDEMNITY,89737,2024-04-14 02:00:00
PAY0000212,C000076,2024-04-14,INDEMNITY,77091,2024-04-15 02:00:00
PAY0000214,C000076,2024-04-29,INDEMNITY,33492,2024-04-30 02:00:00
PAY0000215,C000076,2024-05-07,EXPENSE,10446,2024-05-08 02:00:00
PAY0000184,C000067,2024-05-10,EXPENSE,12045,2024-05-11 02:00:00
PAY0000303,C000109,2024-05-14,INDEMNITY,39196,2024-05-15 02:00:00
PAY0000061,C000021,2024-05-25,INDEMNITY,149057,2024-05-26 02:00:00
PAY0000060,C000021,2024-05-27,INDEMNITY,196103,2024-05-28 02:00:00
PAY0000058,C000021,2024-05-30,INDEMNITY,106368,2024-05-31 02:00:00
PAY0000059,C000021,2024-06-04,INDEMNITY,162571,2024-06-05 02:00:00
PAY0000062,C000021,2024-06-04,EXPENSE,49128,2024-06-05 02:00:00
PAY0000128,C000045,2024-06-11,INDEMNITY,35600,2024-06-12 02:00:00
PAY0000129,C000045,2024-06-11,INDEMNITY,57582,2024-06-12 02:00:00
PAY0000127,C000045,2024-06-12,INDEMNITY,24211,2024-06-13 02:00:00
PAY0000302,C000109,2024-06-13,INDEMNITY,48936,2024-06-14 02:00:00
PAY0000130,C000045,2024-06-20,EXPENSE,9391,2024-06-21 02:00:00
PAY0000345,C000124,2024-06-21,INDEMNITY,9853,2024-06-22 02:00:00
PAY0000439,C000153,2024-06-25,INDEMNITY,16340,2024-06-26 02:00:00
PAY0000394,C000141,2024-06-27,INDEMNITY,9909,2024-06-28 02:00:00
PAY0000408,C000145,2024-06-27,INDEMNITY,479659,2024-06-28 02:00:00
PAY0000135,C000048,2024-06-30,INDEMNITY,24786,2024-07-01 02:00:00
PAY0000121,C000043,2024-07-02,INDEMNITY,6920,2024-07-03 02:00:00
PAY0000122,C000043,2024-07-02,INDEMNITY,5689,2024-07-03 02:00:00
PAY0000120,C000043,2024-07-04,INDEMNITY,5946,2024-07-05 02:00:00
PAY0000123,C000043,2024-07-04,INDEMNITY,6991,2024-07-05 02:00:00
PAY0000409,C000145,2024-07-11,EXPENSE,38373,2024-07-12 02:00:00
PAY0000410,C000145,2024-07-11,RECOVERY,-143898,2024-07-12 02:00:00
PAY0000391,C000141,2024-07-13,INDEMNITY,13770,2024-07-14 02:00:00
PAY0000346,C000124,2024-07-14,INDEMNITY,19556,2024-07-15 02:00:00
PAY0000217,C000077,2024-07-18,INDEMNITY,126581,2024-07-19 02:00:00
PAY0000318,C000114,2024-07-21,INDEMNITY,444721,2024-07-22 02:00:00
PAY0000226,C000082,2024-07-23,INDEMNITY,132671,2024-07-24 02:00:00
PAY0000347,C000124,2024-07-26,INDEMNITY,18779,2024-07-27 02:00:00
PAY0000392,C000141,2024-07-27,INDEMNITY,20414,2024-07-28 02:00:00
PAY0000136,C000048,2024-07-30,INDEMNITY,17771,2024-07-31 02:00:00
PAY0000216,C000077,2024-08-01,INDEMNITY,85096,2024-08-02 02:00:00
PAY0000403,C000144,2024-08-01,INDEMNITY,20942,2024-08-02 02:00:00
PAY0000393,C000141,2024-08-03,INDEMNITY,27360,2024-08-04 02:00:00
PAY0000027,C000011,2024-08-04,INDEMNITY,42329,2024-08-05 02:00:00
PAY0000395,C000141,2024-08-06,EXPENSE,5716,2024-08-07 02:00:00
PAY0000405,C000144,2024-08-06,INDEMNITY,8017,2024-08-07 02:00:00
PAY0000116,C000041,2024-08-12,INDEMNITY,30902,2024-08-13 02:00:00
PAY0000442,C000153,2024-08-13,INDEMNITY,18096,2024-08-14 02:00:00
PAY0000085,C000028,2024-08-17,INDEMNITY,33445,2024-08-18 02:00:00
PAY0000225,C000082,2024-08-18,INDEMNITY,197724,2024-08-19 02:00:00
PAY0000441,C000153,2024-08-18,INDEMNITY,16148,2024-08-19 02:00:00
PAY0000440,C000153,2024-08-21,INDEMNITY,7367,2024-08-22 02:00:00
PAY0000365,C000132,2024-08-25,INDEMNITY,17112,2024-08-26 02:00:00
PAY0000490,C000171,2024-08-25,INDEMNITY,8488,2024-08-26 02:00:00
PAY0000025,C000011,2024-08-27,INDEMNITY,42530,2024-08-28 02:00:00
PAY0000148,C000052,2024-08-28,INDEMNITY,23997,2024-08-29 02:00:00
PAY0000489,C000171,2024-08-28,INDEMNITY,31637,2024-08-29 02:00:00
PAY0000492,C000171,2024-08-29,INDEMNITY,9522,2024-08-30 02:00:00
PAY0000478,C000166,2024-08-30,INDEMNITY,202265,2024-08-31 02:00:00
PAY0000138,C000048,2024-09-03,INDEMNITY,13785,2024-09-04 02:00:00
PAY0000322,C000116,2024-09-03,INDEMNITY,11419,2024-09-04 02:00:00
PAY0000364,C000132,2024-09-03,INDEMNITY,15206,2024-09-04 02:00:00
PAY0000491,C000171,2024-09-03,INDEMNITY,21145,2024-09-04 02:00:00
PAY0000141,C000050,2024-09-05,INDEMNITY,18450,2024-09-06 02:00:00
PAY0000494,C000172,2024-09-06,INDEMNITY,43996,2024-09-07 02:00:00
PAY0000324,C000116,2024-09-07,INDEMNITY,24085,2024-09-08 02:00:00
PAY0000366,C000132,2024-09-07,INDEMNITY,17022,2024-09-08 02:00:00
PAY0000367,C000132,2024-09-07,EXPENSE,3947,2024-09-08 02:00:00
PAY0000404,C000144,2024-09-07,INDEMNITY,16861,2024-09-08 02:00:00
PAY0000443,C000153,2024-09-10,EXPENSE,4636,2024-09-11 02:00:00
PAY0000026,C000011,2024-09-12,INDEMNITY,8082,2024-09-13 02:00:00
PAY0000137,C000048,2024-09-12,INDEMNITY,26651,2024-09-13 02:00:00
PAY0000406,C000144,2024-09-14,EXPENSE,3666,2024-09-15 02:00:00
PAY0000407,C000144,2024-09-14,RECOVERY,-13746,2024-09-15 02:00:00
PAY0000323,C000116,2024-09-16,INDEMNITY,18402,2024-09-17 02:00:00
PAY0000086,C000028,2024-09-19,EXPENSE,2676,2024-09-20 02:00:00
PAY0000227,C000082,2024-09-19,INDEMNITY,146701,2024-09-20 02:00:00
PAY0000140,C000049,2024-09-22,INDEMNITY,228306,2024-09-23 02:00:00
PAY0000117,C000041,2024-09-23,INDEMNITY,104743,2024-09-24 02:00:00
PAY0000437,C000152,2024-09-24,INDEMNITY,36910,2024-09-25 02:00:00
PAY0000493,C000171,2024-09-24,EXPENSE,5663,2024-09-25 02:00:00
PAY0000139,C000048,2024-09-25,EXPENSE,6639,2024-09-26 02:00:00
PAY0000426,C000149,2024-09-25,INDEMNITY,41497,2024-09-26 02:00:00
PAY0000436,C000152,2024-09-25,INDEMNITY,15833,2024-09-26 02:00:00
PAY0000006,C000005,2024-09-26,INDEMNITY,13305,2024-09-27 02:00:00
PAY0000444,C000154,2024-09-29,INDEMNITY,44794,2024-09-30 02:00:00
PAY0000090,C000030,2024-09-30,INDEMNITY,126532,2024-10-01 02:00:00
PAY0000082,C000027,2024-10-01,INDEMNITY,127312,2024-10-02 02:00:00
PAY0000445,C000154,2024-10-01,EXPENSE,3583,2024-10-02 02:00:00
PAY0000007,C000005,2024-10-02,INDEMNITY,17646,2024-10-03 02:00:00
PAY0000316,C000114,2024-10-03,INDEMNITY,191657,2024-10-04 02:00:00
PAY0000325,C000116,2024-10-03,INDEMNITY,17696,2024-10-04 02:00:00
PAY0000435,C000152,2024-10-04,INDEMNITY,32590,2024-10-05 02:00:00
PAY0000479,C000167,2024-10-04,INDEMNITY,55003,2024-10-05 02:00:00
PAY0000118,C000041,2024-10-05,EXPENSE,10852,2024-10-06 02:00:00
PAY0000119,C000041,2024-10-05,RECOVERY,-40694,2024-10-06 02:00:00
PAY0000326,C000116,2024-10-05,EXPENSE,5728,2024-10-06 02:00:00
PAY0000152,C000054,2024-10-08,INDEMNITY,98902,2024-10-09 02:00:00
PAY0000425,C000149,2024-10-09,INDEMNITY,182316,2024-10-10 02:00:00
PAY0000153,C000054,2024-10-11,INDEMNITY,62107,2024-10-12 02:00:00
PAY0000093,C000032,2024-10-18,INDEMNITY,1850,2024-10-19 02:00:00
PAY0000094,C000032,2024-10-18,INDEMNITY,5676,2024-10-19 02:00:00
PAY0000092,C000032,2024-10-22,INDEMNITY,3312,2024-10-23 02:00:00
PAY0000228,C000082,2024-10-22,INDEMNITY,70176,2024-10-23 02:00:00
PAY0000003,C000004,2024-10-24,INDEMNITY,28696,2024-10-25 02:00:00
PAY0000004,C000004,2024-10-24,INDEMNITY,14887,2024-10-25 02:00:00
PAY0000005,C000004,2024-10-24,EXPENSE,3487,2024-10-25 02:00:00
PAY0000180,C000066,2024-10-30,INDEMNITY,212071,2024-10-31 02:00:00
PAY0000223,C000081,2024-10-30,INDEMNITY,1322462,2024-10-31 02:00:00
PAY0000434,C000152,2024-11-04,INDEMNITY,13539,2024-11-05 02:00:00
PAY0000024,C000011,2024-11-05,INDEMNITY,38833,2024-11-06 02:00:00
PAY0000083,C000027,2024-11-05,INDEMNITY,64613,2024-11-06 02:00:00
PAY0000427,C000149,2024-11-06,INDEMNITY,174455,2024-11-07 02:00:00
PAY0000177,C000066,2024-11-07,INDEMNITY,367497,2024-11-08 02:00:00
PAY0000178,C000066,2024-11-09,INDEMNITY,175871,2024-11-10 02:00:00
PAY0000179,C000066,2024-11-10,INDEMNITY,317413,2024-11-11 02:00:00
PAY0000181,C000066,2024-11-10,EXPENSE,85828,2024-11-11 02:00:00
PAY0000001,C000001,2024-11-11,INDEMNITY,31549,2024-11-12 02:00:00
PAY0000002,C000001,2024-11-11,EXPENSE,2524,2024-11-12 02:00:00
PAY0000244,C000088,2024-11-17,INDEMNITY,20762,2024-11-18 02:00:00
PAY0000245,C000088,2024-11-18,INDEMNITY,18493,2024-11-19 02:00:00
PAY0000476,C000166,2024-11-20,INDEMNITY,919400,2024-11-21 02:00:00
PAY0000293,C000105,2024-11-21,INDEMNITY,65974,2024-11-22 02:00:00
PAY0000480,C000167,2024-11-21,INDEMNITY,15839,2024-11-22 02:00:00
PAY0000243,C000088,2024-11-22,INDEMNITY,22258,2024-11-23 02:00:00
PAY0000019,C000009,2024-11-23,INDEMNITY,54689,2024-11-24 02:00:00
PAY0000294,C000105,2024-11-26,INDEMNITY,67874,2024-11-27 02:00:00
PAY0000131,C000046,2024-11-29,INDEMNITY,607905,2024-11-30 02:00:00
PAY0000496,C000173,2024-11-30,INDEMNITY,21849,2024-12-01 02:00:00
PAY0000125,C000044,2024-12-01,INDEMNITY,37880,2024-12-02 02:00:00
PAY0000018,C000009,2024-12-03,INDEMNITY,51036,2024-12-04 02:00:00
PAY0000495,C000173,2024-12-03,INDEMNITY,20150,2024-12-04 02:00:00
PAY0000017,C000008,2024-12-05,INDEMNITY,8571,2024-12-06 02:00:00
PAY0000020,C000009,2024-12-05,INDEMNITY,50769,2024-12-06 02:00:00
PAY0000089,C000030,2024-12-07,INDEMNITY,96588,2024-12-08 02:00:00
PAY0000015,C000008,2024-12-08,INDEMNITY,6149,2024-12-09 02:00:00
PAY0000438,C000152,2024-12-08,EXPENSE,7910,2024-12-09 02:00:00
PAY0000477,C000166,2024-12-08,INDEMNITY,437510,2024-12-09 02:00:00
PAY0000124,C000044,2024-12-10,INDEMNITY,48127,2024-12-11 02:00:00
PAY0000224,C000081,2024-12-10,EXPENSE,105797,2024-12-11 02:00:00
PAY0000081,C000027,2024-12-11,INDEMNITY,135062,2024-12-12 02:00:00
PAY0000084,C000027,2024-12-16,EXPENSE,26159,2024-12-17 02:00:00
PAY0000482,C000167,2024-12-19,INDEMNITY,22962,2024-12-20 02:00:00
PAY0000165,C000060,2024-12-20,INDEMNITY,24618,2024-12-21 02:00:00
PAY0000267,C000095,2024-12-20,INDEMNITY,5404,2024-12-21 02:00:00
PAY0000377,C000137,2024-12-23,INDEMNITY,18727,2024-12-24 02:00:00
PAY0000380,C000137,2024-12-24,INDEMNITY,9773,2024-12-25 02:00:00
PAY0000348,C000124,2024-12-26,INDEMNITY,26006,2024-12-27 02:00:00
PAY0000378,C000137,2024-12-27,INDEMNITY,7666,2024-12-28 02:00:00
PAY0000379,C000137,2024-12-27,INDEMNITY,11265,2024-12-28 02:00:00
PAY0000428,C000149,2024-12-28,EXPENSE,31861,2024-12-29 02:00:00
PAY0000313,C000113,2024-12-29,INDEMNITY,107674,2024-12-30 02:00:00
PAY0000014,C000008,2024-12-31,INDEMNITY,2328,2025-01-01 02:00:00
PAY0000481,C000167,2024-12-31,INDEMNITY,56295,2025-01-01 02:00:00
PAY0000008,C000006,2025-01-01,INDEMNITY,94396,2025-01-02 02:00:00
PAY0000368,C000133,2025-01-01,INDEMNITY,121801,2025-01-02 02:00:00
PAY0000010,C000006,2025-01-02,INDEMNITY,77161,2025-01-03 02:00:00
PAY0000114,C000039,2025-01-02,INDEMNITY,76175,2025-01-03 02:00:00
PAY0000299,C000108,2025-01-02,INDEMNITY,6766,2025-01-03 02:00:00
PAY0000369,C000133,2025-01-05,INDEMNITY,43418,2025-01-06 02:00:00
PAY0000126,C000044,2025-01-06,EXPENSE,6881,2025-01-07 02:00:00
PAY0000016,C000008,2025-01-08,INDEMNITY,2939,2025-01-09 02:00:00
PAY0000154,C000055,2025-01-08,INDEMNITY,8515,2025-01-09 02:00:00
PAY0000317,C000114,2025-01-08,INDEMNITY,262920,2025-01-09 02:00:00
PAY0000297,C000106,2025-01-09,INDEMNITY,121131,2025-01-10 02:00:00
PAY0000261,C000093,2025-01-10,INDEMNITY,15043,2025-01-11 02:00:00
PAY0000483,C000167,2025-01-10,EXPENSE,12008,2025-01-11 02:00:00
PAY0000009,C000006,2025-01-11,INDEMNITY,80000,2025-01-12 02:00:00
PAY0000099,C000035,2025-01-11,INDEMNITY,96176,2025-01-12 02:00:00
PAY0000166,C000060,2025-01-11,EXPENSE,1969,2025-01-12 02:00:00
PAY0000301,C000108,2025-01-11,INDEMNITY,6771,2025-01-12 02:00:00
PAY0000260,C000093,2025-01-12,INDEMNITY,18322,2025-01-13 02:00:00
PAY0000370,C000133,2025-01-14,EXPENSE,13218,2025-01-15 02:00:00
PAY0000300,C000108,2025-01-16,INDEMNITY,7403,2025-01-17 02:00:00
PAY0000113,C000039,2025-01-17,INDEMNITY,118426,2025-01-18 02:00:00
PAY0000115,C000039,2025-01-17,EXPENSE,15568,2025-01-18 02:00:00
PAY0000268,C000095,2025-01-17,INDEMNITY,10134,2025-01-18 02:00:00
PAY0000168,C000063,2025-01-18,INDEMNITY,78678,2025-01-19 02:00:00
PAY0000171,C000064,2025-01-19,INDEMNITY,87851,2025-01-20 02:00:00
PAY0000033,C000013,2025-01-20,INDEMNITY,126240,2025-01-21 02:00:00
PAY0000033,C000013,2025-01-20,INDEMNITY,126240,2025-01-21 02:00:00
PAY0000399,C000143,2025-01-20,INDEMNITY,12618,2025-01-21 02:00:00
PAY0000266,C000095,2025-01-22,INDEMNITY,15639,2025-01-23 02:00:00
PAY0000255,C000092,2025-01-25,INDEMNITY,47982,2025-01-26 02:00:00
PAY0000256,C000092,2025-01-25,INDEMNITY,26498,2025-01-26 02:00:00
PAY0000172,C000064,2025-01-28,EXPENSE,7028,2025-01-29 02:00:00
PAY0000041,C000016,2025-01-29,INDEMNITY,74609,2025-01-30 02:00:00
PAY0000474,C000165,2025-01-29,INDEMNITY,88583,2025-01-30 02:00:00
PAY0000242,C000087,2025-01-30,INDEMNITY,67174,2025-01-31 02:00:00
PAY0000042,C000016,2025-02-04,EXPENSE,5969,2025-02-05 02:00:00
PAY0000340,C000121,2025-02-05,INDEMNITY,65977,2025-02-06 02:00:00
PAY0000230,C000083,2025-02-06,INDEMNITY,785132,2025-02-07 02:00:00
PAY0000028,C000011,2025-02-07,EXPENSE,10542,2025-02-08 02:00:00
PAY0000241,C000087,2025-02-07,INDEMNITY,32410,2025-02-08 02:00:00
PAY0000039,C000015,2025-02-09,INDEMNITY,25264,2025-02-10 02:00:00
PAY0000108,C000038,2025-02-09,INDEMNITY,11376,2025-02-10 02:00:00
PAY0000110,C000038,2025-02-09,INDEMNITY,14261,2025-02-10 02:00:00
PAY0000341,C000121,2025-02-09,INDEMNITY,213093,2025-02-10 02:00:00
PAY0000342,C000121,2025-02-09,EXPENSE,22326,2025-02-10 02:00:00
PAY0000252,C000091,2025-02-11,INDEMNITY,235044,2025-02-12 02:00:00
PAY0000254,C000092,2025-02-11,INDEMNITY,16887,2025-02-12 02:00:00
PAY0000109,C000038,2025-02-12,INDEMNITY,4338,2025-02-13 02:00:00
PAY0000169,C000063,2025-02-12,INDEMNITY,63854,2025-02-13 02:00:00
PAY0000155,C000055,2025-02-13,EXPENSE,681,2025-02-14 02:00:00
PAY0000400,C000143,2025-02-13,INDEMNITY,17665,2025-02-14 02:00:00
PAY0000446,C000156,2025-02-13,INDEMNITY,149449,2025-02-14 02:00:00
PAY0000447,C000156,2025-02-14,INDEMNITY,163350,2025-02-15 02:00:00
PAY0000035,C000013,2025-02-17,INDEMNITY,48624,2025-02-18 02:00:00
PAY0000176,C000065,2025-02-18,INDEMNITY,23456,2025-02-19 02:00:00
PAY0000381,C000138,2025-02-18,INDEMNITY,5757,2025-02-19 02:00:00
PAY0000398,C000143,2025-02-19,INDEMNITY,9117,2025-02-20 02:00:00
PAY0000111,C000038,2025-02-20,INDEMNITY,3148,2025-02-21 02:00:00
PAY0000143,C000050,2025-02-20,INDEMNITY,47370,2025-02-21 02:00:00
PAY0000396,C000142,2025-02-20,INDEMNITY,558394,2025-02-21 02:00:00
PAY0000257,C000092,2025-02-22,INDEMNITY,49266,2025-02-23 02:00:00
PAY0000258,C000092,2025-02-22,EXPENSE,11251,2025-02-23 02:00:00
PAY0000250,C000091,2025-02-23,INDEMNITY,238158,2025-02-24 02:00:00
PAY0000063,C000022,2025-02-24,INDEMNITY,60929,2025-02-25 02:00:00
PAY0000091,C000031,2025-02-24,INDEMNITY,96160,2025-02-25 02:00:00
PAY0000193,C000070,2025-02-24,INDEMNITY,3307,2025-02-25 02:00:00
PAY0000170,C000063,2025-02-25,EXPENSE,11403,2025-02-26 02:00:00
PAY0000040,C000015,2025-02-27,EXPENSE,2021,2025-02-28 02:00:00
PAY0000149,C000052,2025-02-27,RECOVERY,-7199,2025-02-28 02:00:00
PAY0000161,C000057,2025-02-27,INDEMNITY,3290,2025-02-28 02:00:00
PAY0000349,C000125,2025-02-28,INDEMNITY,26384,2025-03-01 02:00:00
PAY0000448,C000156,2025-02-28,INDEMNITY,97326,2025-03-01 02:00:00
PAY0000251,C000091,2025-03-01,INDEMNITY,226063,2025-03-02 02:00:00
PAY0000253,C000091,2025-03-01,EXPENSE,55941,2025-03-02 02:00:00
PAY0000087,C000029,2025-03-02,INDEMNITY,1650076,2025-03-03 02:00:00
PAY0000401,C000143,2025-03-02,INDEMNITY,5848,2025-03-03 02:00:00
PAY0000402,C000143,2025-03-03,EXPENSE,3620,2025-03-04 02:00:00
PAY0000192,C000070,2025-03-04,INDEMNITY,12945,2025-03-05 02:00:00
PAY0000112,C000038,2025-03-05,EXPENSE,2650,2025-03-06 02:00:00
PAY0000034,C000013,2025-03-06,INDEMNITY,77599,2025-03-07 02:00:00
PAY0000229,C000082,2025-03-06,EXPENSE,43782,2025-03-07 02:00:00
PAY0000262,C000093,2025-03-06,INDEMNITY,25091,2025-03-07 02:00:00
PAY0000469,C000164,2025-03-08,INDEMNITY,120956,2025-03-09 02:00:00
PAY0000220,C000079,2025-03-09,INDEMNITY,4645,2025-03-10 02:00:00
PAY0000344,C000123,2025-03-09,INDEMNITY,238531,2025-03-10 02:00:00
PAY0000351,C000125,2025-03-09,INDEMNITY,11283,2025-03-10 02:00:00
PAY0000470,C000164,2025-03-09,INDEMNITY,89051,2025-03-10 02:00:00
PAY0000471,C000164,2025-03-10,INDEMNITY,100858,2025-03-11 02:00:00
PAY0000382,C000138,2025-03-11,INDEMNITY,5949,2025-03-12 02:00:00
PAY0000195,C000070,2025-03-12,INDEMNITY,5569,2025-03-13 02:00:00
PAY0000022,C000010,2025-03-13,INDEMNITY,16330,2025-03-14 02:00:00
PAY0000159,C000057,2025-03-13,INDEMNITY,10538,2025-03-14 02:00:00
PAY0000021,C000010,2025-03-16,INDEMNITY,17002,2025-03-17 02:00:00
PAY0000023,C000010,2025-03-16,RECOVERY,-10000,2025-03-17 02:00:00
PAY0000100,C000035,2025-03-16,INDEMNITY,253596,2025-03-17 02:00:00
PAY0000160,C000057,2025-03-16,INDEMNITY,9292,2025-03-17 02:00:00
PAY0000269,C000096,2025-03-16,INDEMNITY,177077,2025-03-17 02:00:00
PAY0000270,C000096,2025-03-16,INDEMNITY,706356,2025-03-17 02:00:00
PAY0000201,C000073,2025-03-19,INDEMNITY,9962,2025-03-20 02:00:00
PAY0000194,C000070,2025-03-21,INDEMNITY,5117,2025-03-22 02:00:00
PAY0000271,C000096,2025-03-23,EXPENSE,70675,2025-03-24 02:00:00
PAY0000202,C000073,2025-03-24,INDEMNITY,8379,2025-03-25 02:00:00
PAY0000036,C000013,2025-03-25,EXPENSE,20197,2025-03-26 02:00:00
PAY0000142,C000050,2025-03-27,INDEMNITY,19146,2025-03-28 02:00:00
PAY0000312,C000113,2025-03-28,INDEMNITY,135452,2025-03-29 02:00:00
PAY0000472,C000164,2025-03-28,EXPENSE,24869,2025-03-29 02:00:00
PAY0000218,C000079,2025-03-29,INDEMNITY,16251,2025-03-30 02:00:00
PAY0000231,C000083,2025-03-29,EXPENSE,62811,2025-03-30 02:00:00
PAY0000222,C000080,2025-03-31,INDEMNITY,112918,2025-04-01 02:00:00
PAY0000397,C000142,2025-04-03,EXPENSE,44671,2025-04-04 02:00:00
PAY0000383,C000138,2025-04-07,EXPENSE,937,2025-04-08 02:00:00
PAY0000350,C000125,2025-04-08,INDEMNITY,16707,2025-04-09 02:00:00
PAY0000204,C000073,2025-04-09,INDEMNITY,24416,2025-04-10 02:00:00
PAY0000175,C000065,2025-04-14,INDEMNITY,11795,2025-04-15 02:00:00
PAY0000304,C000110,2025-04-16,INDEMNITY,97489,2025-04-17 02:00:00
PAY0000144,C000050,2025-04-17,RECOVERY,-25490,2025-04-18 02:00:00
PAY0000162,C000057,2025-04-17,EXPENSE,1850,2025-04-18 02:00:00
PAY0000259,C000093,2025-04-17,INDEMNITY,33185,2025-04-18 02:00:00
PAY0000352,C000125,2025-04-18,EXPENSE,4350,2025-04-19 02:00:00
PAY0000363,C000130,2025-04-19,INDEMNITY,45729,2025-04-20 02:00:00
PAY0000505,C000176,2025-04-19,INDEMNITY,173131,2025-04-20 02:00:00
PAY0000504,C000176,2025-04-20,INDEMNITY,173408,2025-04-21 02:00:00
PAY0000203,C000073,2025-04-21,INDEMNITY,7000,2025-04-22 02:00:00
PAY0000306,C000110,2025-04-21,INDEMNITY,64608,2025-04-22 02:00:00
PAY0000219,C000079,2025-04-23,INDEMNITY,17999,2025-04-24 02:00:00
PAY0000305,C000110,2025-04-23,INDEMNITY,119187,2025-04-24 02:00:00
PAY0000360,C000130,2025-04-24,INDEMNITY,20526,2025-04-25 02:00:00
PAY0000361,C000130,2025-04-24,INDEMNITY,40776,2025-04-25 02:00:00
PAY0000506,C000176,2025-04-24,INDEMNITY,193414,2025-04-25 02:00:00
PAY0000362,C000130,2025-04-25,INDEMNITY,11484,2025-04-26 02:00:00
PAY0000307,C000110,2025-04-26,INDEMNITY,58148,2025-04-27 02:00:00
PAY0000308,C000110,2025-04-26,EXPENSE,27154,2025-04-27 02:00:00
PAY0000507,C000176,2025-04-26,EXPENSE,43196,2025-04-27 02:00:00
PAY0000309,C000111,2025-04-27,INDEMNITY,548237,2025-04-28 02:00:00
PAY0000416,C000147,2025-04-28,INDEMNITY,26068,2025-04-29 02:00:00
PAY0000205,C000073,2025-04-30,EXPENSE,3980,2025-05-01 02:00:00
PAY0000173,C000065,2025-05-02,INDEMNITY,33734,2025-05-03 02:00:00
PAY0000415,C000147,2025-05-04,INDEMNITY,5232,2025-05-05 02:00:00
PAY0000282,C000101,2025-05-05,INDEMNITY,468897,2025-05-06 02:00:00
PAY0000221,C000079,2025-05-12,INDEMNITY,9493,2025-05-13 02:00:00
PAY0000012,C000007,2025-05-17,INDEMNITY,6501,2025-05-18 02:00:00
PAY0000418,C000147,2025-05-19,INDEMNITY,9048,2025-05-20 02:00:00
PAY0000011,C000007,2025-05-20,INDEMNITY,12762,2025-05-21 02:00:00
PAY0000281,C000101,2025-05-22,INDEMNITY,125022,2025-05-23 02:00:00
PAY0000013,C000007,2025-05-23,EXPENSE,1541,2025-05-24 02:00:00
PAY0000310,C000111,2025-05-23,EXPENSE,43859,2025-05-24 02:00:00
PAY0000263,C000093,2025-05-26,EXPENSE,7331,2025-05-27 02:00:00
PAY0000334,C000119,2025-05-26,INDEMNITY,371032,2025-05-27 02:00:00
PAY0000272,C000097,2025-05-28,INDEMNITY,103247,2025-05-29 02:00:00
PAY0000283,C000101,2025-05-30,INDEMNITY,419201,2025-05-31 02:00:00
PAY0000337,C000120,2025-05-31,INDEMNITY,13659,2025-06-01 02:00:00
PAY0000414,C000146,2025-06-02,INDEMNITY,14043,2025-06-03 02:00:00
PAY0000411,C000146,2025-06-03,INDEMNITY,11566,2025-06-04 02:00:00
PAY0000336,C000120,2025-06-07,INDEMNITY,8812,2025-06-08 02:00:00
PAY0000074,C000025,2025-06-08,INDEMNITY,4480,2025-06-09 02:00:00
PAY0000412,C000146,2025-06-10,INDEMNITY,12829,2025-06-11 02:00:00
PAY0000413,C000146,2025-06-10,INDEMNITY,14039,2025-06-11 02:00:00
PAY0000072,C000025,2025-06-16,INDEMNITY,7359,2025-06-17 02:00:00
PAY0000273,C000097,2025-06-16,INDEMNITY,63058,2025-06-17 02:00:00
PAY0000502,C000175,2025-06-16,INDEMNITY,70724,2025-06-17 02:00:00
PAY0000232,C000084,2025-06-19,INDEMNITY,282798,2025-06-20 02:00:00
PAY0000449,C000157,2025-06-19,INDEMNITY,116450,2025-06-20 02:00:00
PAY0000073,C000025,2025-06-22,INDEMNITY,5660,2025-06-23 02:00:00
PAY0000296,C000106,2025-06-22,INDEMNITY,28559,2025-06-23 02:00:00
PAY0000473,C000165,2025-06-22,INDEMNITY,158839,2025-06-23 02:00:00
PAY0000338,C000120,2025-06-23,EXPENSE,1798,2025-06-24 02:00:00
PAY0000339,C000120,2025-06-23,RECOVERY,-6741,2025-06-24 02:00:00
PAY0000450,C000157,2025-06-25,EXPENSE,9316,2025-06-26 02:00:00
PAY0000157,C000056,2025-06-26,INDEMNITY,20993,2025-06-27 02:00:00
PAY0000106,C000037,2025-06-27,INDEMNITY,4610,2025-06-28 02:00:00
PAY0000107,C000037,2025-06-27,INDEMNITY,12536,2025-06-28 02:00:00
PAY0000343,C000122,2025-06-28,INDEMNITY,132058,2025-06-29 02:00:00
PAY0000158,C000056,2025-06-30,INDEMNITY,105404,2025-07-01 02:00:00
PAY0000311,C000112,2025-06-30,INDEMNITY,757482,2025-07-01 02:00:00
PAY0000314,C000113,2025-06-30,INDEMNITY,155078,2025-07-01 02:00:00
PAY0000206,C000074,2025-07-02,INDEMNITY,252057,2025-07-03 02:00:00
PAY0000208,C000074,2025-07-02,INDEMNITY,157995,2025-07-03 02:00:00
PAY0000466,C000163,2025-07-03,INDEMNITY,206915,2025-07-04 02:00:00
PAY0000457,C000160,2025-07-04,INDEMNITY,24698,2025-07-05 02:00:00
PAY0000458,C000160,2025-07-05,INDEMNITY,15851,2025-07-06 02:00:00
PAY0000460,C000160,2025-07-06,INDEMNITY,49532,2025-07-07 02:00:00
PAY0000071,C000025,2025-07-07,INDEMNITY,7311,2025-07-08 02:00:00
PAY0000103,C000036,2025-07-09,INDEMNITY,18258,2025-07-10 02:00:00
PAY0000156,C000056,2025-07-09,INDEMNITY,93927,2025-07-10 02:00:00
PAY0000459,C000160,2025-07-09,INDEMNITY,18198,2025-07-10 02:00:00
PAY0000503,C000175,2025-07-10,INDEMNITY,17513,2025-07-11 02:00:00
PAY0000075,C000025,2025-07-11,EXPENSE,1985,2025-07-12 02:00:00
PAY0000207,C000074,2025-07-12,INDEMNITY,270978,2025-07-13 02:00:00
PAY0000500,C000175,2025-07-13,INDEMNITY,34211,2025-07-14 02:00:00
PAY0000233,C000084,2025-07-16,EXPENSE,22624,2025-07-17 02:00:00
PAY0000069,C000024,2025-07-17,INDEMNITY,73968,2025-07-18 02:00:00
PAY0000210,C000075,2025-07-19,INDEMNITY,6702,2025-07-20 02:00:00
PAY0000501,C000175,2025-07-20,INDEMNITY,93240,2025-07-21 02:00:00
PAY0000335,C000119,2025-07-22,EXPENSE,29683,2025-07-23 02:00:00
PAY0000461,C000161,2025-07-22,INDEMNITY,226632,2025-07-23 02:00:00
PAY0000209,C000075,2025-07-23,INDEMNITY,3547,2025-07-24 02:00:00
PAY0000462,C000161,2025-07-25,EXPENSE,18131,2025-07-26 02:00:00
PAY0000105,C000036,2025-07-27,INDEMNITY,18539,2025-07-28 02:00:00
PAY0000238,C000086,2025-07-27,INDEMNITY,260675,2025-07-28 02:00:00
PAY0000174,C000065,2025-07-29,INDEMNITY,9311,2025-07-30 02:00:00
PAY0000327,C000117,2025-07-29,INDEMNITY,48047,2025-07-30 02:00:00
PAY0000274,C000097,2025-07-31,INDEMNITY,31729,2025-08-01 02:00:00
PAY0000163,C000058,2025-08-02,INDEMNITY,41440,2025-08-03 02:00:00
PAY0000211,C000075,2025-08-09,EXPENSE,820,2025-08-10 02:00:00
PAY0000246,C000090,2025-08-13,INDEMNITY,40410,2025-08-14 02:00:00
PAY0000284,C000102,2025-08-13,INDEMNITY,6734,2025-08-14 02:00:00
PAY0000465,C000163,2025-08-14,INDEMNITY,125489,2025-08-15 02:00:00
PAY0000475,C000165,2025-08-18,INDEMNITY,64866,2025-08-19 02:00:00
PAY0000068,C000024,2025-08-20,INDEMNITY,66759,2025-08-21 02:00:00
PAY0000147,C000051,2025-08-21,INDEMNITY,28328,2025-08-22 02:00:00
PAY0000328,C000117,2025-08-21,RECOVERY,-14414,2025-08-22 02:00:00
PAY0000464,C000163,2025-08-22,INDEMNITY,99121,2025-08-23 02:00:00
PAY0000354,C000126,2025-08-25,INDEMNITY,56170,2025-08-26 02:00:00
PAY0000486,C000169,2025-08-25,INDEMNITY,48358,2025-08-26 02:00:00
PAY0000065,C000022,2025-08-26,INDEMNITY,271176,2025-08-27 02:00:00
PAY0000497,C000174,2025-08-26,INDEMNITY,109677,2025-08-27 02:00:00
PAY0000498,C000174,2025-08-29,INDEMNITY,32376,2025-08-30 02:00:00
PAY0000146,C000051,2025-08-30,INDEMNITY,27615,2025-08-31 02:00:00
PAY0000247,C000090,2025-08-30,INDEMNITY,15657,2025-08-31 02:00:00
PAY0000355,C000126,2025-08-31,INDEMNITY,47367,2025-09-01 02:00:00
PAY0000356,C000126,2025-09-03,INDEMNITY,51164,2025-09-04 02:00:00
PAY0000499,C000174,2025-09-03,EXPENSE,11364,2025-09-04 02:00:00
PAY0000353,C000126,2025-09-04,INDEMNITY,31948,2025-09-05 02:00:00
PAY0000029,C000012,2025-09-05,INDEMNITY,17173,2025-09-06 02:00:00
PAY0000037,C000014,2025-09-05,INDEMNITY,37563,2025-09-06 02:00:00
PAY0000077,C000026,2025-09-06,INDEMNITY,2432,2025-09-07 02:00:00
PAY0000417,C000147,2025-09-09,INDEMNITY,27299,2025-09-10 02:00:00
PAY0000030,C000012,2025-09-12,INDEMNITY,13967,2025-09-13 02:00:00
PAY0000164,C000058,2025-09-12,EXPENSE,3315,2025-09-13 02:00:00
PAY0000433,C000151,2025-09-18,INDEMNITY,507564,2025-09-19 02:00:00
PAY0000389,C000140,2025-09-19,INDEMNITY,460174,2025-09-20 02:00:00
PAY0000070,C000024,2025-09-20,EXPENSE,11258,2025-09-21 02:00:00
PAY0000104,C000036,2025-09-20,INDEMNITY,10671,2025-09-21 02:00:00
PAY0000429,C000150,2025-09-20,INDEMNITY,50522,2025-09-21 02:00:00
PAY0000431,C000150,2025-09-20,INDEMNITY,46645,2025-09-21 02:00:00
PAY0000145,C000051,2025-09-21,INDEMNITY,15949,2025-09-22 02:00:00
PAY0000430,C000150,2025-09-22,INDEMNITY,15326,2025-09-23 02:00:00
PAY0000432,C000150,2025-09-25,EXPENSE,8999,2025-09-26 02:00:00
PAY0000031,C000012,2025-09-26,INDEMNITY,15178,2025-09-27 02:00:00
PAY0000390,C000140,2025-09-26,INDEMNITY,268872,2025-09-27 02:00:00
PAY0000101,C000035,2025-09-27,INDEMNITY,332683,2025-09-28 02:00:00
PAY0000264,C000094,2025-09-27,INDEMNITY,72795,2025-09-28 02:00:00
PAY0000187,C000068,2025-09-28,INDEMNITY,36635,2025-09-29 02:00:00
PAY0000239,C000086,2025-09-28,INDEMNITY,790019,2025-09-29 02:00:00
PAY0000265,C000094,2025-09-29,EXPENSE,5824,2025-09-30 02:00:00
PAY0000067,C000023,2025-09-30,INDEMNITY,774502,2025-10-01 02:00:00
PAY0000078,C000026,2025-10-02,INDEMNITY,2720,2025-10-03 02:00:00
PAY0000185,C000068,2025-10-04,INDEMNITY,53801,2025-10-05 02:00:00
PAY0000287,C000102,2025-10-04,INDEMNITY,3918,2025-10-05 02:00:00
PAY0000384,C000139,2025-10-05,INDEMNITY,107456,2025-10-06 02:00:00
PAY0000487,C000170,2025-10-07,INDEMNITY,268151,2025-10-08 02:00:00
PAY0000047,C000018,2025-10-08,INDEMNITY,1216112,2025-10-09 02:00:00
PAY0000046,C000018,2025-10-09,INDEMNITY,1048446,2025-10-10 02:00:00
PAY0000421,C000148,2025-10-09,INDEMNITY,20812,2025-10-10 02:00:00
PAY0000298,C000106,2025-10-10,INDEMNITY,32817,2025-10-11 02:00:00
PAY0000032,C000012,2025-10-11,RECOVERY,-13895,2025-10-12 02:00:00
PAY0000422,C000148,2025-10-11,INDEMNITY,89378,2025-10-12 02:00:00
PAY0000048,C000018,2025-10-12,INDEMNITY,364981,2025-10-13 02:00:00
PAY0000049,C000018,2025-10-12,INDEMNITY,719112,2025-10-13 02:00:00
PAY0000050,C000018,2025-10-12,EXPENSE,267892,2025-10-13 02:00:00
PAY0000088,C000029,2025-10-12,EXPENSE,132006,2025-10-13 02:00:00
PAY0000419,C000147,2025-10-12,EXPENSE,5412,2025-10-13 02:00:00
PAY0000420,C000147,2025-10-12,RECOVERY,-20294,2025-10-13 02:00:00
PAY0000051,C000019,2025-10-13,INDEMNITY,22646,2025-10-14 02:00:00
PAY0000052,C000019,2025-10-14,INDEMNITY,20928,2025-10-15 02:00:00
PAY0000053,C000019,2025-10-14,INDEMNITY,28323,2025-10-15 02:00:00
PAY0000054,C000019,2025-10-17,EXPENSE,5752,2025-10-18 02:00:00
PAY0000467,C000163,2025-10-17,INDEMNITY,56127,2025-10-18 02:00:00
PAY0000097,C000034,2025-10-21,INDEMNITY,28928,2025-10-22 02:00:00
PAY0000190,C000069,2025-10-21,INDEMNITY,39398,2025-10-22 02:00:00
PAY0000423,C000148,2025-10-21,INDEMNITY,41493,2025-10-22 02:00:00
PAY0000488,C000170,2025-10-22,EXPENSE,21452,2025-10-23 02:00:00
PAY0000424,C000148,2025-10-24,EXPENSE,12135,2025-10-25 02:00:00
PAY0000286,C000102,2025-10-28,INDEMNITY,9398,2025-10-29 02:00:00
PAY0000385,C000139,2025-10-28,INDEMNITY,103207,2025-10-29 02:00:00
PAY0000098,C000034,2025-10-31,EXPENSE,2314,2025-11-01 02:00:00
PAY0000289,C000103,2025-11-01,INDEMNITY,4548,2025-11-02 02:00:00
PAY0000451,C000158,2025-11-06,INDEMNITY,6854,2025-11-07 02:00:00
PAY0000468,C000163,2025-11-07,EXPENSE,39012,2025-11-08 02:00:00
PAY0000387,C000139,2025-11-09,INDEMNITY,209320,2025-11-10 02:00:00
PAY0000285,C000102,2025-11-11,INDEMNITY,2791,2025-11-12 02:00:00
PAY0000288,C000103,2025-11-12,INDEMNITY,7863,2025-11-13 02:00:00
PAY0000452,C000158,2025-11-15,EXPENSE,548,2025-11-16 02:00:00
PAY0000186,C000068,2025-11-18,INDEMNITY,28670,2025-11-19 02:00:00
PAY0000188,C000069,2025-11-18,INDEMNITY,27867,2025-11-19 02:00:00
PAY0000375,C000136,2025-11-18,INDEMNITY,248065,2025-11-19 02:00:00
PAY0000374,C000136,2025-11-19,INDEMNITY,182415,2025-11-20 02:00:00
PAY0000455,C000159,2025-11-19,INDEMNITY,59629,2025-11-20 02:00:00
PAY0000234,C000085,2025-11-20,INDEMNITY,22154,2025-11-21 02:00:00
PAY0000386,C000139,2025-11-23,INDEMNITY,92873,2025-11-24 02:00:00
PAY0000275,C000097,2025-11-25,INDEMNITY,107438,2025-11-26 02:00:00
PAY0000278,C000099,2025-11-27,INDEMNITY,110824,2025-11-28 02:00:00
PAY0000279,C000099,2025-11-27,INDEMNITY,73308,2025-11-28 02:00:00
PAY0000376,C000136,2025-11-27,EXPENSE,34438,2025-11-28 02:00:00
PAY0000102,C000035,2025-11-28,EXPENSE,54596,2025-11-29 02:00:00
PAY0000290,C000103,2025-11-28,INDEMNITY,5277,2025-11-29 02:00:00
PAY0000295,C000106,2025-12-02,INDEMNITY,61538,2025-12-03 02:00:00
PAY0000456,C000159,2025-12-02,INDEMNITY,49632,2025-12-03 02:00:00
PAY0000197,C000071,2025-12-03,INDEMNITY,8871,2025-12-04 02:00:00
PAY0000291,C000103,2025-12-04,INDEMNITY,8195,2025-12-05 02:00:00
PAY0000330,C000118,2025-12-04,INDEMNITY,23749,2025-12-05 02:00:00
PAY0000332,C000118,2025-12-04,INDEMNITY,7780,2025-12-05 02:00:00
PAY0000076,C000026,2025-12-05,INDEMNITY,2501,2025-12-06 02:00:00
PAY0000079,C000026,2025-12-05,INDEMNITY,1282,2025-12-06 02:00:00
PAY0000167,C000062,2025-12-06,INDEMNITY,80774,2025-12-07 02:00:00
PAY0000277,C000099,2025-12-06,INDEMNITY,46579,2025-12-07 02:00:00
PAY0000064,C000022,2025-12-07,INDEMNITY,255660,2025-12-08 02:00:00
PAY0000198,C000071,2025-12-07,INDEMNITY,7321,2025-12-08 02:00:00
PAY0000199,C000071,2025-12-07,INDEMNITY,6608,2025-12-08 02:00:00
PAY0000196,C000071,2025-12-08,INDEMNITY,11634,2025-12-09 02:00:00
PAY0000200,C000071,2025-12-08,EXPENSE,2755,2025-12-09 02:00:00
PAY0000248,C000090,2025-12-08,INDEMNITY,20959,2025-12-09 02:00:00
PAY0000331,C000118,2025-12-10,INDEMNITY,30402,2025-12-11 02:00:00
PAY0000357,C000127,2025-12-10,INDEMNITY,33383,2025-12-11 02:00:00
PAY0000329,C000118,2025-12-12,INDEMNITY,21624,2025-12-13 02:00:00
PAY0000280,C000099,2025-12-13,EXPENSE,18457,2025-12-14 02:00:00
PAY0000333,C000118,2025-12-13,RECOVERY,-25066,2025-12-14 02:00:00
PAY0000235,C000085,2025-12-14,INDEMNITY,23757,2025-12-15 02:00:00
PAY0000358,C000129,2025-12-17,INDEMNITY,109771,2025-12-18 02:00:00
PAY0000372,C000134,2025-12-17,INDEMNITY,6069,2025-12-18 02:00:00
PAY0000484,C000168,2025-12-17,INDEMNITY,15204,2025-12-18 02:00:00
PAY0000454,C000159,2025-12-19,INDEMNITY,66040,2025-12-20 02:00:00
PAY0000055,C000020,2025-12-22,INDEMNITY,78508,2025-12-23 02:00:00
PAY0000189,C000069,2025-12-23,INDEMNITY,13191,2025-12-24 02:00:00
PAY0000044,C000017,2025-12-25,INDEMNITY,11970,2025-12-26 02:00:00
PAY0000371,C000134,2025-12-25,INDEMNITY,35173,2025-12-26 02:00:00
PAY0000066,C000022,2025-12-26,EXPENSE,47021,2025-12-27 02:00:00
PAY0000236,C000085,2025-12-26,INDEMNITY,23301,2025-12-27 02:00:00
PAY0000056,C000020,2025-12-28,INDEMNITY,25479,2025-12-29 02:00:00
PAY0000485,C000168,2025-12-28,INDEMNITY,17199,2025-12-29 02:00:00
PAY0000045,C000017,2025-12-29,INDEMNITY,6907,2025-12-30 02:00:00
PAY0000057,C000020,2025-12-29,INDEMNITY,43294,2025-12-30 02:00:00
PAY0000359,C000129,2025-12-30,INDEMNITY,228142,2025-12-31 02:00:00
PAY0000038,C000014,2025-12-31,EXPENSE,5196,2026-01-01 02:00:00
PAY0000043,C000017,2025-12-31,INDEMNITY,11741,2026-01-01 02:00:00
PAY0000080,C000026,2025-12-31,EXPENSE,3058,2026-01-01 02:00:00
PAY0000095,C000033,2025-12-31,INDEMNITY,4081,2026-01-01 02:00:00
PAY0000096,C000033,2025-12-31,EXPENSE,5441,2026-01-01 02:00:00
PAY0000150,C000053,2025-12-31,INDEMNITY,8054,2026-01-01 02:00:00
PAY0000151,C000053,2025-12-31,EXPENSE,4027,2026-01-01 02:00:00
PAY0000191,C000069,2025-12-31,EXPENSE,7152,2026-01-01 02:00:00
PAY0000237,C000085,2025-12-31,EXPENSE,6152,2026-01-01 02:00:00
PAY0000240,C000086,2025-12-31,EXPENSE,117678,2026-01-01 02:00:00
PAY0000249,C000090,2025-12-31,EXPENSE,10833,2026-01-01 02:00:00
PAY0000276,C000097,2025-12-31,EXPENSE,27153,2026-01-01 02:00:00
PAY0000292,C000103,2025-12-31,EXPENSE,3546,2026-01-01 02:00:00
PAY0000315,C000113,2025-12-31,EXPENSE,35396,2026-01-01 02:00:00
PAY0000319,C000114,2025-12-31,EXPENSE,90808,2026-01-01 02:00:00
PAY0000373,C000134,2025-12-31,EXPENSE,54368,2026-01-01 02:00:00
PAY0000388,C000139,2025-12-31,EXPENSE,122629,2026-01-01 02:00:00
PAY0000453,C000159,2025-12-31,INDEMNITY,96171,2026-01-01 02:00:00
PAY0000463,C000162,2025-12-31,INDEMNITY,150291,2026-01-01 02:00:00
