claim_id,claim_number,policy_id,loss_date,reported_date,claim_status,cause_of_loss,case_reserve_cents,closed_date,_loaded_at
C000001,CLM-2024-000001,P000005,2024-10-03,2024-10-05,Closed ,FIRE,0,2024-11-11,2024-11-12 02:00:00
C000002,CLM-2024-000002,P000007,2024-10-20,2024-11-16,CLOSED,WIND_HAIL,0,2025-03-08,2025-03-09 02:00:00
C000003,CLM-2025-000003,P000009,2025-11-13,2025-11-20,open,GLASS,0,,2026-01-01 02:00:00
C000004,CLM-2024-000004,P000017,2024-09-26,2024-10-15,CLOSED,WATER,0,2024-10-24,2024-10-25 02:00:00
C000005,CLM-2024-000005,P000017,2024-09-24,2024-09-24,closed,FIRE,0,2024-10-03,2024-10-04 02:00:00
C000006,CLM-2024-000006,P000030,2024/11/26,2024-12-31,closed,PRODUCT,0,2025-01-15,2025-01-16 02:00:00
C000007,CLM-2025-000007,P000036,2025-02-24,2025-03-01,CLOSED,THEFT,0,2025-05-23,2025-05-24 02:00:00
C000008,CLM-2024-000008,P000036,2024-11-05,2024-11-10,Closed ,FIRE,0,2025-01-15,2025-01-16 02:00:00
C000009,CLM-2024-000009,P000043,2024-11-22,2024-11-22,Closed ,WATER,0,2024-12-22,2024-12-23 02:00:00
C000010,CLM-2025-000010,P000048,2025-03-11,2025-03-11,Closed ,COMPREHENSIVE,0,2025-03-16,2025-03-17 02:00:00
C000011,CLM-2024-000011,P000049,2024-07-11,2024-07-15,CLOSED,FIRE,0,2025-02-07,2025-02-08 02:00:00
C000012,CLM-2025-000012,P000054,2025-08-29,2025-09-01,Closed ,GLASS,0,2025-10-11,2025-10-12 02:00:00
C000013,CLM-2025-000013,P000065,2025-01-05,2025-01-03,closed,LIABILITY,0,2025-03-25,2025-03-26 02:00:00
C000014,CLM-2025-000014,P000066,2025-08-02,2025-08-09,OPEN,COMPREHENSIVE,-27390,,2026-01-01 02:00:00
C000015,CLM-2024-000015,P000072,2024-11-25,2024-12-04,CLOSED,THEFT,0,2025-02-27,2025-02-28 02:00:00
C000016,CLM-2025-000016,P000076,2025-01-23,2025-01-24,CLOSED,GLASS,0,2025-02-04,2025-02-05 02:00:00
C000017,CLM-2025-000017,P000083,2025-12-23,2025-12-24,Open ,COLLISION,284305,,2026-01-01 02:00:00
C000018,CLM-2025-000018,P000083,2025-09-23,2025-10-05,Closed ,COMPREHENSIVE,0,2025-10-12,2025-10-13 02:00:00
C000019,CLM-2025-000019,P000085,2025-10-06,2025-10-12,Closed ,LIABILITY,0,2025-10-17,2025-10-18 02:00:00
C000020,CLM-2025-000020,P000088,2025-12-06,2025-12-09,Open ,EQUIPMENT,642681,,2026-01-01 02:00:00
C000021,CLM-2024-000021,P000092,2024-05-10,2024-05-15,Closed ,SLIP_FALL,0,2024-06-04,2024-06-05 02:00:00
C000022,CLM-2025-000022,P000095,2025-02-06,2025-02-23,closed,EQUIPMENT,0,2025-12-26,2025-12-27 02:00:00
C000023,CLM-2025-000023,P000097,2025-07-20,2025-07-26,closed,FIRE,0,2025-10-15,2025-10-16 02:00:00
C000024,CLM-2025-000024,P000097,2025-07-01,2025-07-13,closed,FIRE,0,2025-09-20,2025-09-21 02:00:00
C000025,CLM-2025-000025,P000098,2025/05/21,2025-05-22,closed,GLASS,0,2025-07-11,2025-07-12 02:00:00
C000026,CLM-2025-000026,P000100,2025-08-24,2025-08-27,open,WIND_HAIL,29289,,2026-01-01 02:00:00
C000027,CLM-2024-000027,P000101,2024-09-19,2024-09-19,closed,FIRE,0,2024-12-16,2024-12-17 02:00:00
C000028,CLM-2024-000028,P000102,2024-05-25,2024-05-25,closed,THEFT,0,2024-09-19,2024-09-20 02:00:00
C000029,CLM-2025-000029,P000103,2025-02-09,2025-02-09,Closed ,WATER,0,2025-10-12,2025-10-13 02:00:00
C000030,CLM-2024-000030,P000107,2024-08-23,2024-09-26,closed,PRODUCT,0,2025-04-25,2025-04-26 02:00:00
C000031,CLM-2025-000031,P000109,01/09/2025,2025-01-12,Closed ,WATER,0,2025-03-29,2025-03-30 02:00:00
C000032,CLM-2024-000032,P000112,2024-10-11,2024-10-12,CLOSED,COLLISION,0,2024-10-28,2024-10-29 02:00:00
C000033,CLM-2025-000033,P000113,2025/12/22,2025-12-28,open,COLLISION,63932,,2026-01-01 02:00:00
C000034,CLM-2025-000034,P000114,2025-10-07,2025-10-16,Closed ,GLASS,0,2025-10-31,2025-11-01 02:00:00
C000035,CLM-2024-000035,P000117,2024-10-14,2025-01-04,CLOSED,SLIP_FALL,0,2025-11-28,2025-11-29 02:00:00
C000036,CLM-2025-000036,P000129,2025-06-26,2025-06-30,Closed ,COMPREHENSIVE,0,2025-09-23,2025-09-24 02:00:00
C000037,CLM-2025-000037,P000135,2025-06-19,2025-06-22,CLOSED,FIRE,0,2025-07-02,2025-07-03 02:00:00
C000038,CLM-2024-000038,P000136,2024-12-31,2025-02-03,Closed ,GLASS,0,2025-03-05,2025-03-06 02:00:00
C000039,CLM-2024-000039,P000140,2024-10-21,2024-10-26,closed,COMPREHENSIVE,0,2025-01-17,2025-01-18 02:00:00
C000040,CLM-2024-000040,P000140,10/17/2024,2024-10-19,closed,GLASS,0,2024-10-29,2024-10-30 02:00:00
C000041,CLM-2024-000041,P000142,2024-07-23,2024-07-24,closed,GLASS,0,2024-10-05,2024-10-06 02:00:00
C000042,CLM-2025-000042,P000142,2025-01-26,2025-01-26,closed,LIABILITY,0,2025-04-10,2025-04-11 02:00:00
C000043,CLM-2024-000043,P000145,2024-06-14,2024-06-27,Closed ,THEFT,0,2024-07-04,2024-07-05 02:00:00
C000044,CLM-2024-000044,P000150,2024-11-23,2024-11-24,closed,WATER,0,2025-01-06,2025-01-07 02:00:00
C000045,CLM-2024-000045,P000151,2024-05-29,2024-06-06,CLOSED,LIABILITY,0,2024-06-20,2024-06-21 02:00:00
C000046,CLM-2024-000046,P000161,2024-08-11,2024-10-16,CLOSED,SLIP_FALL,0,2025-01-09,2025-01-10 02:00:00
C000047,CLM-2024-000047,P000166,2024-02-09,2024-02-10,CLOSED,LIABILITY,0,2024-04-11,2024-04-12 02:00:00
C000048,CLM-2024-000048,P000170,2024-06-04,2024-06-05,CLOSED,COMPREHENSIVE,0,2024-09-25,2024-09-26 02:00:00
C000049,CLM-2024-000049,P000170,2024-09-13,2024-09-19,Closed ,GLASS,0,2024-10-21,2024-10-22 02:00:00
C000050,CLM-2024-000050,P000170,2024-08-27,2024-08-27,closed,LIABILITY,0,2025-04-17,2025-04-18 02:00:00
C000051,CLM-2025-000051,P000171,2025-07-24,2025-07-29,CLOSED,COLLISION,0,2025-10-29,2025-10-30 02:00:00
C000052,CLM-2024-000052,P000178,2024-07-21,2024-07-22,CLOSED,COMPREHENSIVE,0,2025-02-27,2025-02-28 02:00:00
C000053,CLM-2025-000053,P000189,2025-12-10,2025-12-23,Open ,COLLISION,42282,,2026-01-01 02:00:00
C000054,CLM-2024-000054,P000191,2024-09-10,2024-09-27,closed,THEFT,0,2024-10-17,2024-10-18 02:00:00
C000055,CLM-2024-000055,P000191,2024-11-22,2024-11-30,Closed ,WATER,0,2025-02-13,2025-02-14 02:00:00
C000056,CLM-2025-000056,P000194,2025-04-03,2025-06-06,Closed ,SLIP_FALL,0,2025-07-30,2025-07-31 02:00:00
C000057,CLM-2025-000057,P000196,2025-02-26,2025-02-26,CLOSED,THEFT,0,2025-04-17,2025-04-18 02:00:00
C000058,CLM-2025-000058,P000198,2025-05-05,2025-05-01,Closed ,FIRE,0,2025-09-12,2025-09-13 02:00:00
C000059,CLM-2025-000059,P000206,2025-07-11,2025-07-29,CLOSED,FIRE,0,2025-09-07,2025-09-08 02:00:00
C000060,CLM-2024-000060,P000206,2024-12-17,2024-12-17,CLOSED,THEFT,0,2025-01-11,2025-01-12 02:00:00
C000061,CLM-2024-000061,P000206,2024-12-18,2025-01-08,closed,FIRE,0,2025-06-23,2025-06-24 02:00:00
C000062,CLM-2025-000062,P000210,2025-09-30,2025-10-05,open,COMPREHENSIVE,48279,,2026-01-01 02:00:00
C000063,CLM-2024-000063,P000211,2024-10-22,2024-10-30,closed,FIRE,0,2025-02-25,2025-02-26 02:00:00
C000064,CLM-2025-000064,P000212,2025-01-01,2025-01-05,CLOSED,COMPREHENSIVE,0,2025-01-28,2025-01-29 02:00:00
C000065,CLM-2025-000065,P000214,2025-01-05,2025-01-09,closed,COMPREHENSIVE,0,2025-09-24,2025-09-25 02:00:00
C000066,CLM-2024-000066,P000225,2024-09-21,2024-10-17,closed,WATER,0,2024-11-10,2024-11-11 02:00:00
C000067,CLM-2024-000067,P000229,2024-03-31,2024-04-04,Closed ,LIABILITY,0,2024-05-10,2024-05-11 02:00:00
C000068,CLM-2025-000068,P000236,2025-09-12,2025-09-14,Open ,WIND_HAIL,18748,,2026-01-01 02:00:00
C000069,CLM-2025-000069,P000241,2025-10-04,2025-10-05,open,WATER,8940,,2026-01-01 02:00:00
C000070,CLM-2025-000070,P000242,2025-02-12,2025-02-12,CLOSED,LIABILITY,0,2025-03-23,2025-03-24 02:00:00
C000071,CLM-2025-000071,P000250,2025-11-20,2025-11-24,Closed ,THEFT,0,2025-12-08,2025-12-09 02:00:00
C000072,CLM-2025-000072,P000253,2025-08-04,2025-08-11,OPEN,WATER,0,,2026-01-01 02:00:00
C000073,CLM-2025-000073,P000255,2025-03-01,2025-03-04,CLOSED,WATER,0,2025-04-30,2025-05-01 02:00:00
C000074,CLM-2025-000074,P000256,2025-05-17,2025-05-26,CLOSED,COMPREHENSIVE,0,2025-07-26,2025-07-27 02:00:00
C000075,CLM-2025-000075,P000260,2025-07-07,2025-07-11,Closed ,GLASS,0,2025-08-09,2025-08-10 02:00:00
C000076,CLM-2024-000076,P000263,2024-03-18,2024-03-23,closed,LIABILITY,0,2024-05-07,2024-05-08 02:00:00
C000077,CLM-2024-000077,P000263,2024-06-30,2024-07-03,CLOSED,COMPREHENSIVE,0,2024-08-06,2024-08-07 02:00:00
C000078,CLM-2024-000078,P000263,2024-11-30,2024-12-08,CLOSED,COLLISION,0,2025-05-24,2025-05-25 02:00:00
C000079,CLM-2025-000079,P000267,2025-02-21,2025-03-01,closed,WATER,0,2025-05-18,2025-05-19 02:00:00
C000080,CLM-2025-000080,P000272,2025-01-07,2025-02-04,CLOSED,WATER,0,2025-04-30,2025-05-01 02:00:00
C000081,CLM-2024-000081,P000273,2024-10-08,2024-10-08,CLOSED,PRODUCT,0,2024-12-10,2024-12-11 02:00:00
C000082,CLM-2024-000082,P000273,2024-02-16,2024-05-31,Closed ,PROPERTY_DAMAGE,0,2025-03-06,2025-03-07 02:00:00
C000083,CLM-2024-000083,P000273,2024-12-20,2025-02-02,closed,PRODUCT,0,2025-03-29,2025-03-30 02:00:00
C000084,CLM-2025-000084,P000274,2025/05/18,2025-05-26,CLOSED,FIRE,0,2025-07-16,2025-07-17 02:00:00
C000085,CLM-2025-000085,P000282,2025-10-30,2025-11-07,OPEN,LIABILITY,7690,,2026-01-01 02:00:00
C000086,CLM-2025-000086,P000294,2025-03-18,2025-04-15,open,SLIP_FALL,420277,,2026-01-01 02:00:00
C000087,CLM-2024-000087,P000294,2024-09-07,2025-01-29,Closed ,PRODUCT,0,2025-05-26,2025-05-27 02:00:00
C000088,CLM-2024-000088,P000297,2024-11-04,2024-11-05,CLOSED,GLASS,0,2024-11-23,2024-11-24 02:00:00
C000089,CLM-2024-000089,P000298,2024-09-26,2024-10-17,Closed ,COMPREHENSIVE,0,2024-12-19,2024-12-20 02:00:00
C000090,CLM-2025-000090,P000298,2025-07-16,2025-07-27,open,GLASS,58383,,2026-01-01 02:00:00
C000091,CLM-2025-000091,P000301,2025-01-27,2025-01-29,OPEN,LIABILITY,699265,,2025-01-30 02:00:00
C000091,CLM-2025-000091,P000301,2025-01-27,2025-01-29,closed,LIABILITY,0,2025-03-01,2025-03-02 02:00:00
C000092,CLM-2025-000092,P000302,2025-01-15,2025-01-15,CLOSED,FIRE,0,2025-02-22,2025-02-23 02:00:00
C000093,CLM-2025-000093,P000304,2025-01-06,2025-01-07,Closed ,FIRE,0,2025-05-26,2025-05-27 02:00:00
C000094,CLM-2025-000094,P000304,2025-09-21,2025-09-22,CLOSED,WIND_HAIL,0,2025-09-29,2025-09-30 02:00:00
C000095,CLM-2024-000095,P000309,2024-12-09,2024-12-10,Closed ,COLLISION,0,2025-01-27,2025-01-28 02:00:00
C000096,CLM-2025-000096,P000310,2025-02-22,2025-03-14,closed,EQUIPMENT,0,2025-03-23,2025-03-24 02:00:00
C000097,CLM-2025-000097,P000311,2025-05-25,2025-05-27,OPEN,WATER,33942,,2026-01-01 02:00:00
C000098,CLM-2025-000098,P000312,2025-01-22,2025-05-21,OPEN,PROPERTY_DAMAGE,0,,2026-01-01 02:00:00
C000099,CLM-2025-000099,P000312,2025-08-25,2025-11-13,Closed ,PROPERTY_DAMAGE,0,2025-12-13,2025-12-14 02:00:00
C000100,CLM-2024-000100,P000313,2024-10-13,2024-12-02,Closed ,SLIP_FALL,0,2025-09-24,2025-09-25 02:00:00
C000101,CLM-2025-000101,P000313,2025-02-10,2025-04-05,closed,SLIP_FALL,0,2025-06-04,2025-06-05 02:00:00
C000102,CLM-2025-000102,P000317,2025-05-12,2025-05-15,CLOSED,WATER,0,2025-11-14,2025-11-15 02:00:00
C000103,CLM-2025-000103,P000319,2025-10-08,2025-10-19,open,THEFT,18438,,2026-01-01 02:00:00
C000104,CLM-2025-000104,P000319,2025-06-28,2025-07-04,closed,WATER,0,2025-10-10,2025-10-11 02:00:00
C000105,CLM-2024-000105,P000324,2024-05-23,2024-11-12,closed,SLIP_FALL,0,2024-11-29,2024-11-30 02:00:00
C000106,CLM-2024-000106,P000324,2024-09-19,2024-11-04,open,SLIP_FALL,133010,,2026-01-01 02:00:00
C000107,CLM-2024-000107,P000332,2024-10-08,2024-10-08,CLOSED,LIABILITY,0,2025-03-10,2025-03-11 02:00:00
C000108,CLM-2024-000108,P000332,2024-12-19,2024-12-24,Closed ,COMPREHENSIVE,0,2025-03-16,2025-03-17 02:00:00
C000109,CLM-2024-000109,P000332,2024/04/06,2024-04-08,CLOSED,COLLISION,0,2024-06-14,2024-06-15 02:00:00
C000110,CLM-2025-000110,P000342,2025-04-09,2025-04-13,CLOSED,THEFT,0,2025-04-26,2025-04-27 02:00:00
C000111,CLM-2025-000111,P000343,2025-02-28,2025-02-28,CLOSED,WIND_HAIL,0,2025-05-23,2025-05-24 02:00:00
C000112,CLM-2024-000112,P000346,2024-09-21,2024-12-16,Open ,SLIP_FALL,889045,,2026-01-01 02:00:00
C000113,CLM-2024-000113,P000350,2024-07-23,2024-09-07,Open ,PROPERTY_DAMAGE,44245,,2026-01-01 02:00:00
C000114,CLM-2024-000114,P000350,2024-03-29,2024-06-26,Open ,SLIP_FALL,235802,,2026-01-01 02:00:00
C000115,CLM-2024-000115,P000351,2024-01-24,2024-01-27,closed,THEFT,0,2024-02-14,2024-02-15 02:00:00
C000116,CLM-2024-000116,P000351,2024-08-29,2024-08-30,CLOSED,THEFT,0,2024-10-05,2024-10-06 02:00:00
C000117,CLM-2025-000117,P000353,2025-05-20,2025-05-24,CLOSED,LIABILITY,0,2025-08-21,2025-08-22 02:00:00
C000118,CLM-2025-000118,P000353,2025-11-22,2025-12-01,Closed ,COMPREHENSIVE,0,2025-12-13,2025-12-14 02:00:00
C000119,CLM-2025-000119,P000354,2025-04-02,2025-04-05,Closed ,LIABILITY,0,2025-07-22,2025-07-23 02:00:00
C000120,CLM-2025-000120,P000356,2025-04-25,2025-05-01,OPEN,GLASS,22471,,2025-05-02 02:00:00
C000120,CLM-2025-000120,P000356,2025-04-25,2025-05-01,closed,GLASS,0,2025-06-23,2025-06-24 02:00:00
C000121,CLM-2025-000121,P000358,2025-01-31,2025-02-02,CLOSED,WIND_HAIL,0,2025-02-09,2025-02-10 02:00:00
C000122,CLM-2025-000122,P000361,2025-06-13,2025-06-15,CLOSED,FIRE,0,2025-06-29,2025-06-30 02:00:00
C000123,CLM-2025-000123,P000363,2025-02-07,2025-03-03,closed,THEFT,0,2025-03-11,2025-03-12 02:00:00
C000124,CLM-2024-000124,P000364,2024-06-15,2024-06-18,OPEN,FIRE,74194,,2024-06-19 02:00:00
C000124,CLM-2024-000124,P000364,2024-06-15,2024-06-18,CLOSED,FIRE,0,2025-01-11,2025-01-12 02:00:00
C000125,CLM-2024-000125,P000366,2024-08-20,2024-09-06,CLOSED,WIND_HAIL,0,2025-04-18,2025-04-19 02:00:00
C000126,CLM-2025-000126,P000371,2025-08-19,2025-08-20,CLOSED,COLLISION,0,2025-09-08,2025-09-09 02:00:00
C000127,CLM-2025-000127,P000373,2025-08-23,2025-09-15,OPEN,WIND_HAIL,37439,,2026-01-01 02:00:00
C000128,CLM-2025-000128,P000373,2025-10-18,2025-10-20,OPEN,THEFT,0,,2025-10-21 02:00:00
C000128,CLM-2025-000128,P000373,2025-10-18,2025-10-20,Closed ,THEFT,0,2025-10-29,2025-10-30 02:00:00
C000129,CLM-2025-000129,P000375,2025-12-06,2025-12-13,Open ,LIABILITY,168957,,2026-01-01 02:00:00
C000130,CLM-2025-000130,P000376,2025-04-10,2025-04-18,Closed ,COLLISION,0,2025-04-26,2025-04-27 02:00:00
C000131,CLM-2024-000131,P000376,2024-08-29,2024-09-03,closed,LIABILITY,0,2025-01-12,2025-01-13 02:00:00
C000132,CLM-2024-000132,P000376,2024/08/22,2024-08-22,closed,COMPREHENSIVE,0,2024-09-07,2024-09-08 02:00:00
C000133,CLM-2024-000133,P000376,2024-12-31,2024-12-31,CLOSED,LIABILITY,0,2025-01-14,2025-01-15 02:00:00
C000134,CLM-2025-000134,P000377,2025-10-03,2025-12-08,OPEN,SLIP_FALL,638353,,2026-01-01 02:00:00
C000135,CLM-2024-000135,P000378,2024-12-21,2025-01-14,Closed ,FIRE,0,2025-02-06,2025-02-07 02:00:00
C000136,CLM-2025-000136,P000378,2025-04-10,2025-06-01,OPEN,WATER,430480,,2025-06-02 02:00:00
C000136,CLM-2025-000136,P000378,2025-04-10,2025-06-01,CLOSED,WATER,0,2025-11-27,2025-11-28 02:00:00
C000137,CLM-2024-000137,P000383,2024-12-14,2024-12-22,closed,WATER,0,2024-12-27,2024-12-28 02:00:00
C000138,CLM-2025-000138,P000383,2025-02-01,2025-02-01,CLOSED,THEFT,0,2025-04-07,2025-04-08 02:00:00
C000139,CLM-2025-000139,P000384,2025-09-02,2025-10-02,OPEN,PROPERTY_DAMAGE,1020012,,2026-01-01 02:00:00
C000140,CLM-2025-000140,P000384,2025-08-15,2025-09-10,CLOSED,SLIP_FALL,0,2025-10-25,2025-10-26 02:00:00
C000141,CLM-2024-000141,P000386,2024-06-22,2024-06-24,closed,THEFT,0,2024-08-06,2024-08-07 02:00:00
C000142,CLM-2024-000142,P000391,2024-11-23,2024-12-05,CLOSED,COMPREHENSIVE,0,2025-04-03,2025-04-04 02:00:00
C000143,CLM-2024-000143,P000400,2024-11-16,2024-12-05,Closed ,GLASS,0,2025-03-03,2025-03-04 02:00:00
C000144,CLM-2024-000144,P000400,2024-07-13,2024-07-19,Closed ,LIABILITY,0,2024-09-14,2024-09-15 02:00:00
C000145,CLM-2024-000145,P000400,2024-05-27,2024-06-02,closed,COLLISION,0,2024-07-11,2024-07-12 02:00:00
C000146,CLM-2025-000146,P000401,2025-05-25,2025-05-31,Closed ,LIABILITY,0,2025-06-11,2025-06-12 02:00:00
C000147,CLM-2025-000147,P000401,2025-04-05,2025-04-07,Closed ,LIABILITY,0,2025-10-12,2025-10-13 02:00:00
C000148,CLM-2025-000148,P000401,2025-10-03,2025-10-07,closed,COLLISION,0,2025-10-24,2025-10-25 02:00:00
C000149,CLM-2024-000149,P000407,04/12/2024,2024-04-17,CLOSED,WATER,0,2024-12-28,2024-12-29 02:00:00
C000150,CLM-2025-000150,P000412,2025-09-08,2025-09-19,Closed ,WATER,0,2025-09-25,2025-09-26 02:00:00
C000151,CLM-2025-000151,P000416,2025-09-02,2025-09-05,Closed ,FIRE,0,2025-10-10,2025-10-11 02:00:00
C000152,CLM-2024-000152,P000419,2024-08-15,2024-08-22,Closed ,WATER,0,2024-12-08,2024-12-09 02:00:00
C000153,CLM-2024-000153,P000419,2024-06-02,2024-06-07,CLOSED,WIND_HAIL,0,2024-09-10,2024-09-11 02:00:00
C000154,CLM-2024-000154,P000422,2024-09-17,2024-09-17,CLOSED,COMPREHENSIVE,0,2024-10-01,2024-10-02 02:00:00
C000155,CLM-2024-000155,P000423,2024-12-09,2024-12-11,closed,GLASS,0,2025-04-16,2025-04-17 02:00:00
C000156,CLM-2025-000156,P000426,2025-01-23,2025-01-28,OPEN,THEFT,410125,,2025-01-29 02:00:00
C000156,CLM-2025-000156,P000426,2025-01-23,2025-01-28,closed,THEFT,0,2025-03-20,2025-03-21 02:00:00
C000157,CLM-2025-000157,P000433,2025-02-15,2025-02-20,CLOSED,GLASS,0,2025-06-25,2025-06-26 02:00:00
C000158,CLM-2025-000158,P000442,2025-10-16,2025-10-17,CLOSED,WATER,0,2025-11-15,2025-11-16 02:00:00
C000159,CLM-2025-000159,P000447,2025-11-06,2025-11-08,Open ,WIND_HAIL,40977,,2026-01-01 02:00:00
C000160,CLM-2025-000160,P000447,2025-06-26,2025-06-26,Closed ,THEFT,0,2025-08-15,2025-08-16 02:00:00
C000161,CLM-2025-000161,P000448,2025-06-14,2025-07-15,CLOSED,EQUIPMENT,0,2025-07-25,2025-07-26 02:00:00
C000162,CLM-2025-000162,P000449,2025-10-26,2025-12-13,OPEN,PROPERTY_DAMAGE,509319,,2026-01-01 02:00:00
C000163,CLM-2025-000163,P000455,2025-04-11,2025-04-19,CLOSED,COLLISION,0,2025-11-07,2025-11-08 02:00:00
C000164,CLM-2024-000164,P000457,2024-11-23,2025-03-06,closed,SLIP_FALL,0,2025-03-28,2025-03-29 02:00:00
C000165,CLM-2024-000165,P000460,2024-12-18,2025-01-01,open,PROPERTY_DAMAGE,648601,,2026-01-01 02:00:00
C000166,CLM-2024-000166,P000460,2024-06-02,2024-06-11,CLOSED,SLIP_FALL,0,2025-01-19,2025-01-20 02:00:00
C000167,CLM-2024-000167,P000460,2024-09-27,2024-09-30,closed,PROPERTY_DAMAGE,0,2025-01-10,2025-01-11 02:00:00
C000168,CLM-2025-000168,P000461,2025-11-22,2025-12-05,Open ,SLIP_FALL,398805,,2026-01-01 02:00:00
C000169,CLM-2025-000169,P000468,2025-08-11,2025-08-11,Closed ,WIND_HAIL,0,2025-09-02,2025-09-03 02:00:00
C000170,CLM-2025-000170,P000470,2025-09-21,2025-09-25,Closed ,WIND_HAIL,0,2025-10-22,2025-10-23 02:00:00
C000171,CLM-2024-000171,P000471,2024-08-15,2024-08-23,Closed ,THEFT,0,2024-09-24,2024-09-25 02:00:00
C000172,CLM-2024-000172,P000474,2024-08-10,2024-08-18,CLOSED,COMPREHENSIVE,0,2024-09-18,2024-09-19 02:00:00
C000173,CLM-2024-000173,P000474,2024-11-12,2024-11-29,Closed ,GLASS,0,2024-12-08,2024-12-09 02:00:00
C000174,CLM-2025-000174,P000475,2025/07/30,2025-08-23,CLOSED,FIRE,0,2025-09-03,2025-09-04 02:00:00
C000175,CLM-2025-000175,P000476,2025-05-26,2025-06-08,CLOSED,COLLISION,0,2025-07-20,2025-07-21 02:00:00
C000176,CLM-2025-000176,P000477,2025-04-15,2025-04-18,CLOSED,GLASS,0,2025-04-26,2025-04-27 02:00:00
C900001,CLM-ORPHAN-1,P900001,2025-08-24,2025-08-27,open,WIND_HAIL,29289,,2026-01-01 02:00:00
C900002,CLM-ORPHAN-2,P900002,2024-09-26,2024-10-15,CLOSED,WATER,0,2024-10-24,2024-10-25 02:00:00
C900003,CLM-ORPHAN-3,P900003,2024-06-15,2024-06-18,OPEN,FIRE,74194,,2024-06-19 02:00:00
C900004,CLM-ORPHAN-4,P900004,2024-10-11,2024-10-12,CLOSED,COLLISION,0,2024-10-28,2024-10-29 02:00:00
