customer_id,first_name,last_name,email,state_code,date_of_birth,customer_since,customer_type,_loaded_at
CU00001,Mira,Dubois,mira.dubois1@example.com,TN,1952-03-30,2014-04-19,INDIVIDUAL,2024-01-02 02:00:00
CU00002,Theo,Chen,theo.chen2@example.com, il ,2002-12-23,2017-03-20,INDIVIDUAL,2024-01-02 02:00:00
CU00003,Avery,Rossi,avery.rossi3@example.com,TN,1967-11-03,2016-12-10,INDIVIDUAL,2024-01-02 02:00:00
CU00004,Nia,Alvarez,nia.alvarez4@example.com,TN,1964-04-28,2016-10-29,INDIVIDUAL,2024-01-02 02:00:00
CU00005,Ines,Dubois,ines.dubois5@example.com,IL,1958-04-28,2017-12-06,INDIVIDUAL,2024-01-02 02:00:00
CU00006,Noah,Okafor,noah.okafor6@example.com,OH,1998-02-09,2018-07-29,INDIVIDUAL,2024-01-02 02:00:00
CU00007,Lucas,Larsen,LUCAS.LARSEN7@EXAMPLE.COM,AZ,2001-10-18,2017-02-09,INDIVIDUAL,2024-01-02 02:00:00
CU00008,Priya,Hayes,priya.hayes8@example.com,IL,1959-01-23,2020-03-07,INDIVIDUAL,2024-01-02 02:00:00
CU00009,Ravi,Gupta,ravi.gupta9@example.com,TN,1973-12-14,2015-11-02,INDIVIDUAL,2024-01-02 02:00:00
CU00010,Hiro,Fischer,hiro.fischer10@example.com,IL,1991-06-22,2016-12-04,INDIVIDUAL,2024-01-02 02:00:00
CU00011,Jordan,Hayes,JORDAN.HAYES11@EXAMPLE.COM,PA,1952-11-17,2019-01-21,INDIVIDUAL,2024-01-02 02:00:00
CU00012,Felix,Moreau,felix.moreau12@example.com,GA,1991-03-02,2017-11-22,INDIVIDUAL,2024-01-02 02:00:00
CU00013,Diego,Santos,diego.santos13@example.com,PA,1985-10-31,2023-06-06,INDIVIDUAL,2024-01-02 02:00:00
CU00014,Jordan,Dubois,jordan.dubois14@example.com,MN,1963-09-18,2013-06-04,INDIVIDUAL,2024-01-02 02:00:00
CU00015,Lucas,Okafor,lucas.okafor15@example.com,NC,1997-06-21,2012-04-04,INDIVIDUAL,2024-01-02 02:00:00
CU00016,Mateo,Varga,mateo.varga16@example.com,NC,1998-03-05,2018-08-01,INDIVIDUAL,2024-01-02 02:00:00
CU00017,Maya,Alvarez,maya.alvarez17@example.com,WA,1973-08-18,2014-05-21,INDIVIDUAL,2024-01-02 02:00:00
CU00018,Samuel,Underwood,samuel.underwood18@example.com,FL,1995-07-19,2015-08-16,INDIVIDUAL,2024-01-02 02:00:00
CU00019,Zara,Alvarez,zara.alvarez19@example.com,PA,2003-09-26,2020-02-21,INDIVIDUAL,2024-01-02 02:00:00
CU00020,Samuel,Hayes,samuel.hayes20@example.com,AZ,1955-03-14,2013-12-02,INDIVIDUAL,2024-01-02 02:00:00
CU00021,Priya,Rossi,priya.rossi21@example.com,GA,1961-04-13,2015-09-14,INDIVIDUAL,2024-01-02 02:00:00
CU00022,Lucas,Nakamura,lucas.nakamura22@example.com,WA,1969-01-01,2018-12-28,INDIVIDUAL,2024-01-02 02:00:00
CU00023,Kofi,Underwood,kofi.underwood23@example.com,CO,1983-07-03,2017-07-23,INDIVIDUAL,2024-01-02 02:00:00
CU00024,Ines,Alvarez,ines.alvarez24@example.com,WA,2002-10-12,2013-08-04,INDIVIDUAL,2024-01-02 02:00:00
CU00025,Jordan,Hayes,JORDAN.HAYES25@EXAMPLE.COM,TX,1956-01-18,2017-05-03,INDIVIDUAL,2024-01-02 02:00:00
CU00026,Felix,Gupta,felix.gupta26@example.com,GA,1998-05-18,2022-08-08,INDIVIDUAL,2024-01-02 02:00:00
CU00027,Felix,Nakamura,felix.nakamura27@example.com,OH,1967-01-31,2021-07-01,INDIVIDUAL,2024-01-02 02:00:00
CU00028,Noah,Brooks,noah.brooks28@example.com,TX,1958-10-30,2014-06-14,INDIVIDUAL,2024-01-02 02:00:00
CU00029,Grace,Rossi,grace.rossi29@example.com,GA,1990-04-01,2017-08-08,INDIVIDUAL,2024-01-02 02:00:00
CU00030,Priya,Okafor,priya.okafor30@example.com,OH,1999-05-17,2012-04-30,INDIVIDUAL,2024-01-02 02:00:00
CU00031,Hiro,Fischer,hiro.fischer31@example.com,CO,1986-06-18,2013-04-25,INDIVIDUAL,2024-01-02 02:00:00
CU00032,Avery,Moreau,avery.moreau32@example.com,CO,1973-10-17,2022-11-30,INDIVIDUAL,2024-01-02 02:00:00
CU00033,Samuel,Gupta,SAMUEL.GUPTA33@EXAMPLE.COM,FL,1955-04-01,2019-01-13,INDIVIDUAL,2024-01-02 02:00:00
CU00034,Anika,Patel,anika.patel34@example.com,WA,1995-02-11,2013-10-18,INDIVIDUAL,2024-01-02 02:00:00
CU00035,Priya,Tanaka,priya.tanaka35@example.com,MN,1956-02-05,2017-07-09,INDIVIDUAL,2024-01-02 02:00:00
CU00036,Jordan,Tanaka,jordan.tanaka36@example.com,IL,1957-05-10,2019-02-04,INDIVIDUAL,2024-01-02 02:00:00
CU00037,Grace,Varga,grace.varga37@example.com,AZ,1978-03-10,2018-09-23,INDIVIDUAL,2024-01-02 02:00:00
CU00038,Priya,Alvarez,priya.alvarez38@example.com,FL,1991-02-12,2013-08-23,INDIVIDUAL,2024-01-02 02:00:00
CU00039,Zara,Ibrahim,zara.ibrahim39@example.com,PA,1961-11-19,2020-04-15,INDIVIDUAL,2024-01-02 02:00:00
CU00040,Maya,Rossi,old.maya.rossi40@example.com,FL,1977-02-20,2023-11-12,INDIVIDUAL,2023-06-01 02:00:00
CU00040,Maya,Rossi,maya.rossi40@example.com,FL,1977-02-20,2023-11-12,INDIVIDUAL,2024-01-02 02:00:00
CU00041,Theo,Jensen,theo.jensen41@example.com,GA,1959-04-18,2015-06-27,INDIVIDUAL,2024-01-02 02:00:00
CU00042,Lucas,Gupta,lucas.gupta42@example.com,AZ,1980-10-05,2023-05-03,INDIVIDUAL,2024-01-02 02:00:00
CU00043,Jordan,Chen,jordan.chen43@example.com, nc ,1988-01-01,2014-12-07,INDIVIDUAL,2024-01-02 02:00:00
CU00044,Nia,Fischer,nia.fischer44@example.com,WA,1989-08-22,2014-07-05,INDIVIDUAL,2024-01-02 02:00:00
CU00045,Elena,Eriksen,elena.eriksen45@example.com,TX,1998-12-12,2015-04-28,INDIVIDUAL,2024-01-02 02:00:00
CU00046,Jordan,Jensen,jordan.jensen46@example.com,TX,1982-09-18,2017-08-06,INDIVIDUAL,2024-01-02 02:00:00
CU00047,Ravi,Rossi,ravi.rossi47@example.com,FL,1986-06-17,2017-04-23,INDIVIDUAL,2024-01-02 02:00:00
CU00048,Omar,Nakamura,omar.nakamura48@example.com,GA,1952-03-23,2021-03-26,INDIVIDUAL,2024-01-02 02:00:00
CU00049,Noah,Hayes,noah.hayes49@example.com,GA,1973-12-08,2012-11-13,INDIVIDUAL,2024-01-02 02:00:00
CU00050,Hiro,Gupta,hiro.gupta50@example.com,PA,1991-04-19,2017-02-07,INDIVIDUAL,2024-01-02 02:00:00
CU00051,Kofi,Gupta,KOFI.GUPTA51@EXAMPLE.COM,PA,1985-09-30,2018-04-05,INDIVIDUAL,2024-01-02 02:00:00
CU00052,Zara,Moreau,zara.moreau52@example.com,PA,1998-02-08,2017-11-09,INDIVIDUAL,2024-01-02 02:00:00
CU00053,Nia,Brooks,nia.brooks53@example.com,FL,1959-09-23,2019-01-13,INDIVIDUAL,2024-01-02 02:00:00
CU00054,Zara,Dubois,old.zara.dubois54@example.com,FL,1984-07-23,2021-10-12,INDIVIDUAL,2023-06-01 02:00:00
CU00054,Zara,Dubois,ZARA.DUBOIS54@EXAMPLE.COM,FL,1984-07-23,2021-10-12,INDIVIDUAL,2024-01-02 02:00:00
CU00055,Theo,Varga,theo.varga55@example.com,PA,1967-09-05,2019-05-28,INDIVIDUAL,2024-01-02 02:00:00
CU00056,Kofi,Dubois,kofi.dubois56@example.com,WA,1976-12-10,2021-01-09,INDIVIDUAL,2024-01-02 02:00:00
CU00057,Theo,Eriksen,theo.eriksen57@example.com,IL,1967-03-19,2015-11-26,INDIVIDUAL,2024-01-02 02:00:00
CU00058,Samuel,Moreau,samuel.moreau58@example.com,TX,1999-02-27,2019-03-24,INDIVIDUAL,2024-01-02 02:00:00
CU00059,Maya,Varga,maya.varga59@example.com,WA,1969-03-04,2015-10-22,INDIVIDUAL,2024-01-02 02:00:00
CU00060,Samuel,Quinn,samuel.quinn60@example.com,OH,1980-01-27,2018-12-17,INDIVIDUAL,2024-01-02 02:00:00
CU00061,Grace,Eriksen,grace.eriksen61@example.com,TX,1952-03-11,2013-08-19,INDIVIDUAL,2024-01-02 02:00:00
CU00062,Mira,Santos,mira.santos62@example.com,TN,1967-06-12,2017-06-21,INDIVIDUAL,2024-01-02 02:00:00
CU00063,Elena,Alvarez,elena.alvarez63@example.com,IL,1959-07-25,2023-08-14,INDIVIDUAL,2024-01-02 02:00:00
CU00064,Theo,Hayes,theo.hayes64@example.com,CO,1960-11-20,2023-11-30,INDIVIDUAL,2024-01-02 02:00:00
CU00065,Lucas,Kowalski,lucas.kowalski65@example.com,FL,1989-09-15,2021-07-27,INDIVIDUAL,2024-01-02 02:00:00
CU00066,Theo,Okafor,theo.okafor66@example.com,TN,1964-04-12,2017-07-18,INDIVIDUAL,2024-01-02 02:00:00
CU00067,Nia,Quinn,nia.quinn67@example.com,MN,1993-06-23,2018-05-29,INDIVIDUAL,2024-01-02 02:00:00
CU00068,Ines,Kowalski,ines.kowalski68@example.com,OH,1998-06-17,2015-06-05,INDIVIDUAL,2024-01-02 02:00:00
CU00069,Priya,Nakamura,priya.nakamura69@example.com,PA,1986-07-27,2016-08-21,INDIVIDUAL,2024-01-02 02:00:00
CU00070,Chloe,Santos,CHLOE.SANTOS70@EXAMPLE.COM,FL,1951-10-03,2019-11-21,INDIVIDUAL,2024-01-02 02:00:00
CU00071,Chloe,Nakamura,chloe.nakamura71@example.com,TN,1998-04-15,2016-12-11,INDIVIDUAL,2024-01-02 02:00:00
CU00072,Nia,Nakamura,nia.nakamura72@example.com,TX,1993-07-27,2021-01-25,INDIVIDUAL,2024-01-02 02:00:00
CU00073,Maya,Eriksen,maya.eriksen73@example.com,TX,1997-12-02,2012-08-10,INDIVIDUAL,2024-01-02 02:00:00
CU00074,Diego,Eriksen,diego.eriksen74@example.com,GA,1991-06-03,2016-09-29,INDIVIDUAL,2024-01-02 02:00:00
CU00075,Ines,Moreau,ines.moreau75@example.com,IL,1974-12-18,2012-06-07,INDIVIDUAL,2024-01-02 02:00:00
CU00076,Jordan,Larsen,jordan.larsen76@example.com,MN,1970-02-12,2012-11-25,INDIVIDUAL,2024-01-02 02:00:00
CU00077,Hiro,Gupta,hiro.gupta77@example.com,FL,1951-10-30,2014-07-26,INDIVIDUAL,2024-01-02 02:00:00
CU00078,Grace,Okafor,grace.okafor78@example.com,PA,1972-12-27,2014-07-27,INDIVIDUAL,2024-01-02 02:00:00
CU00079,Omar,Jensen,omar.jensen79@example.com, fl ,1959-09-13,2020-06-01,INDIVIDUAL,2024-01-02 02:00:00
CU00080,Elena,Gupta,elena.gupta80@example.com,FL,1956-10-26,2014-04-14,INDIVIDUAL,2024-01-02 02:00:00
CU00081,Samuel,Varga,samuel.varga81@example.com,OH,2003-11-13,2012-12-02,INDIVIDUAL,2024-01-02 02:00:00
CU00082,Diego,Varga,diego.varga82@example.com,OH,1983-03-31,2021-06-03,INDIVIDUAL,2024-01-02 02:00:00
CU00083,Mateo,Nakamura,mateo.nakamura83@example.com,MN,1982-06-30,2015-06-07,INDIVIDUAL,2024-01-02 02:00:00
CU00084,Noah,Quinn,noah.quinn84@example.com,FL,1974-03-26,2022-11-04,INDIVIDUAL,2024-01-02 02:00:00
CU00085,Noah,Santos,noah.santos85@example.com,PA,1974-01-29,2013-12-10,INDIVIDUAL,2024-01-02 02:00:00
CU00086,Maya,Hayes,maya.hayes86@example.com,FL,1991-09-10,2012-08-23,INDIVIDUAL,2024-01-02 02:00:00
CU00087,Ines,Fischer,ines.fischer87@example.com,AZ,1993-09-28,2018-04-09,INDIVIDUAL,2024-01-02 02:00:00
CU00088,Elena,Ibrahim,elena.ibrahim88@example.com,TX,1999-11-12,2017-05-31,INDIVIDUAL,2024-01-02 02:00:00
CU00089,Felix,Rossi,felix.rossi89@example.com,TN,1971-07-24,2022-01-19,INDIVIDUAL,2024-01-02 02:00:00
CU00090,Priya,Jensen,priya.jensen90@example.com,IL,1969-11-18,2020-04-11,INDIVIDUAL,2024-01-02 02:00:00
CU00091,Zara,Larsen,zara.larsen91@example.com,TN,1988-03-04,2022-03-06,INDIVIDUAL,2024-01-02 02:00:00
CU00092,Nia,Hayes,nia.hayes92@example.com,TN,1960-10-28,2016-02-25,INDIVIDUAL,2024-01-02 02:00:00
CU00093,Noah,Patel,noah.patel93@example.com,TN,1974-10-22,2018-05-07,INDIVIDUAL,2024-01-02 02:00:00
CU00094,Grace,Jensen,GRACE.JENSEN94@EXAMPLE.COM,PA,1970-05-30,2023-12-24,INDIVIDUAL,2024-01-02 02:00:00
CU00095,Jordan,Brooks,jordan.brooks95@example.com,NC,1999-08-24,2023-01-04,INDIVIDUAL,2024-01-02 02:00:00
CU00096,Avery,Santos,avery.santos96@example.com,CO,1975-07-06,2013-02-24,INDIVIDUAL,2024-01-02 02:00:00
CU00097,Felix,Dubois,felix.dubois97@example.com,IL,1955-11-12,2013-03-15,INDIVIDUAL,2024-01-02 02:00:00
CU00098,Anika,Jensen,anika.jensen98@example.com,AZ,1957-08-23,2017-01-22,INDIVIDUAL,2024-01-02 02:00:00
CU00099,Chloe,Okafor,chloe.okafor99@example.com,NC,1989-09-20,2018-11-06,INDIVIDUAL,2024-01-02 02:00:00
CU00100,Jordan,Tanaka,jordan.tanaka100@example.com,AZ,1958-11-26,2013-10-27,INDIVIDUAL,2024-01-02 02:00:00
CU00101,Omar,Rossi,omar.rossi101@example.com, ga ,1956-09-25,2022-07-16,INDIVIDUAL,2024-01-02 02:00:00
CU00102,Hiro,Jensen,HIRO.JENSEN102@EXAMPLE.COM,TN,1975-05-14,2017-03-27,INDIVIDUAL,2024-01-02 02:00:00
CU00103,Mira,Santos,mira.santos103@example.com,IL,1967-10-01,2015-05-05,INDIVIDUAL,2024-01-02 02:00:00
CU00104,Lena,Chen,lena.chen104@example.com,GA,1955-05-09,2018-06-22,INDIVIDUAL,2024-01-02 02:00:00
CU00105,Maya,Walsh,maya.walsh105@example.com,TN,1977-04-13,2023-01-28,INDIVIDUAL,2024-01-02 02:00:00
CU00106,Lucas,Brooks,lucas.brooks106@example.com,TN,1988-10-04,2014-01-18,INDIVIDUAL,2024-01-02 02:00:00
CU00107,Kofi,Santos,kofi.santos107@example.com,TX,2002-09-03,2018-01-16,INDIVIDUAL,2024-01-02 02:00:00
CU00108,Omar,Patel,omar.patel108@example.com,MN,1996-07-23,2021-10-10,INDIVIDUAL,2024-01-02 02:00:00
CU00109,Felix,Chen,felix.chen109@example.com,PA,1992-03-02,2014-05-06,INDIVIDUAL,2024-01-02 02:00:00
CU00110,Ines,Nakamura,ines.nakamura110@example.com,NC,1994-06-14,2012-10-27,INDIVIDUAL,2024-01-02 02:00:00
CU00111,Ines,Ibrahim,ines.ibrahim111@example.com,OH,1979-01-02,2023-07-17,INDIVIDUAL,2024-01-02 02:00:00
CU00112,Avery,Varga,avery.varga112@example.com,CO,1998-09-05,2020-02-11,INDIVIDUAL,2024-01-02 02:00:00
CU00113,Felix,Underwood,felix.underwood113@example.com,TX,1989-08-28,2018-06-17,INDIVIDUAL,2024-01-02 02:00:00
CU00114,Elena,Patel,elena.patel114@example.com,TX,1960-11-22,2017-05-14,INDIVIDUAL,2024-01-02 02:00:00
CU00115,Samuel,Rossi,samuel.rossi115@example.com,WA,1951-03-25,2014-07-18,INDIVIDUAL,2024-01-02 02:00:00
CU00116,Mateo,Underwood,mateo.underwood116@example.com,CO,1963-10-25,2018-02-17,INDIVIDUAL,2024-01-02 02:00:00
CU00117,Felix,Patel,felix.patel117@example.com,CO,1971-11-13,2023-05-26,INDIVIDUAL,2024-01-02 02:00:00
CU00118,Lena,Chen,lena.chen118@example.com,IL,1974-10-14,2017-12-28,INDIVIDUAL,2024-01-02 02:00:00
CU00119,Samuel,Jensen,samuel.jensen119@example.com,FL,2002-08-28,2015-05-02,INDIVIDUAL,2024-01-02 02:00:00
CU00120,Felix,Larsen,felix.larsen120@example.com,WA,1979-10-29,2019-03-21,INDIVIDUAL,2024-01-02 02:00:00
CU00121,Elena,Hayes,elena.hayes121@example.com,IL,2001-04-19,2012-12-23,INDIVIDUAL,2024-01-02 02:00:00
CU00122,Felix,Walsh,felix.walsh122@example.com,IL,1984-03-15,2015-05-31,INDIVIDUAL,2024-01-02 02:00:00
CU00123,Jordan,Eriksen,jordan.eriksen123@example.com,FL,1995-01-24,2021-11-15,INDIVIDUAL,2024-01-02 02:00:00
CU00124,Maya,Alvarez,maya.alvarez124@example.com,IL,1962-12-07,2013-09-04,INDIVIDUAL,2024-01-02 02:00:00
CU00125,Nia,Kowalski,nia.kowalski125@example.com,MN,1985-08-29,2023-12-20,INDIVIDUAL,2024-01-02 02:00:00
CU00126,Ines,Underwood,INES.UNDERWOOD126@EXAMPLE.COM, wa ,1993-10-11,2018-06-12,INDIVIDUAL,2024-01-02 02:00:00
CU00127,Noah,Chen,noah.chen127@example.com,OH,1988-12-07,2014-04-03,INDIVIDUAL,2024-01-02 02:00:00
CU00128,Elena,Jensen,ELENA.JENSEN128@EXAMPLE.COM,TX,1952-08-06,2020-01-15,INDIVIDUAL,2024-01-02 02:00:00
CU00129,Lena,Hayes,lena.hayes129@example.com,IL,1997-08-27,2015-10-24,INDIVIDUAL,2024-01-02 02:00:00
CU00130,Lucas,Moreau,lucas.moreau130@example.com,CO,1971-08-10,2022-05-05,INDIVIDUAL,2024-01-02 02:00:00
CU00131,Maya,Ibrahim,maya.ibrahim131@example.com,CO,1950-11-04,2015-07-18,INDIVIDUAL,2024-01-02 02:00:00
CU00132,Ravi,Santos,ravi.santos132@example.com,MN,1976-11-02,2022-03-31,INDIVIDUAL,2024-01-02 02:00:00
CU00133,Grace,Moreau,grace.moreau133@example.com,OH,1993-05-08,2018-08-20,INDIVIDUAL,2024-01-02 02:00:00
CU00134,Samuel,Alvarez,samuel.alvarez134@example.com, nc ,1985-07-05,2013-02-05,INDIVIDUAL,2024-01-02 02:00:00
CU00135,Noah,Patel,noah.patel135@example.com,AZ,1975-09-05,2016-04-06,INDIVIDUAL,2024-01-02 02:00:00
CU00136,Kofi,Varga,kofi.varga136@example.com,MN,1962-04-09,2012-11-18,INDIVIDUAL,2024-01-02 02:00:00
CU00137,Maya,Brooks,maya.brooks137@example.com,PA,2001-12-30,2018-08-14,INDIVIDUAL,2024-01-02 02:00:00
CU00138,Diego,Fischer,diego.fischer138@example.com,GA,1968-01-06,2020-03-16,INDIVIDUAL,2024-01-02 02:00:00
CU00139,Nia,Fischer,nia.fischer139@example.com,CO,1973-01-20,2019-08-06,INDIVIDUAL,2024-01-02 02:00:00
CU00140,Maya,Chen,maya.chen140@example.com,AZ,1962-08-18,2020-11-29,INDIVIDUAL,2024-01-02 02:00:00
CU00141,Theo,Larsen,theo.larsen141@example.com, il ,1958-02-07,2022-03-14,INDIVIDUAL,2024-01-02 02:00:00
CU00142,Noah,Varga,noah.varga142@example.com,FL,1973-07-09,2020-05-01,INDIVIDUAL,2024-01-02 02:00:00
CU00143,Hiro,Patel,hiro.patel143@example.com,FL,1952-03-31,2016-12-18,INDIVIDUAL,2024-01-02 02:00:00
CU00144,Mira,Okafor,mira.okafor144@example.com,MN,1977-02-10,2012-10-31,INDIVIDUAL,2024-01-02 02:00:00
CU00145,Felix,Dubois,felix.dubois145@example.com,AZ,1958-09-20,2022-03-05,INDIVIDUAL,2024-01-02 02:00:00
CU00146,Noah,Walsh,noah.walsh146@example.com,IL,1998-06-19,2021-04-21,INDIVIDUAL,2024-01-02 02:00:00
CU00147,Felix,Tanaka,felix.tanaka147@example.com, nc ,1986-08-13,2021-12-11,INDIVIDUAL,2024-01-02 02:00:00
CU00148,Hiro,Larsen,hiro.larsen148@example.com,MN,1958-11-30,2020-01-17,INDIVIDUAL,2024-01-02 02:00:00
CU00149,Nia,Gupta,nia.gupta149@example.com,CO,1960-12-16,2012-06-23,INDIVIDUAL,2024-01-02 02:00:00
CU00150,Ines,Hayes,ines.hayes150@example.com,FL,1961-04-19,2016-08-24,INDIVIDUAL,2024-01-02 02:00:00
CU00151,Hiro,Kowalski,hiro.kowalski151@example.com, fl ,1963-03-29,2015-03-31,INDIVIDUAL,2024-01-02 02:00:00
CU00152,Theo,Ibrahim,THEO.IBRAHIM152@EXAMPLE.COM,OH,1965-08-27,2012-05-01,INDIVIDUAL,2024-01-02 02:00:00
CU00153,Hiro,Santos,HIRO.SANTOS153@EXAMPLE.COM,TX,1979-01-18,2021-06-10,INDIVIDUAL,2024-01-02 02:00:00
CU00154,Noah,Chen,noah.chen154@example.com,CO,1992-09-22,2014-06-12,INDIVIDUAL,2024-01-02 02:00:00
CU00155,Hiro,Tanaka,hiro.tanaka155@example.com,TN,1953-11-21,2023-09-11,INDIVIDUAL,2024-01-02 02:00:00
CU00156,Mira,Alvarez,mira.alvarez156@example.com,CO,1955-06-17,2014-06-03,INDIVIDUAL,2024-01-02 02:00:00
CU00157,Maya,Chen,MAYA.CHEN157@EXAMPLE.COM,PA,1957-04-01,2018-03-02,INDIVIDUAL,2024-01-02 02:00:00
CU00158,Anika,Rossi,anika.rossi158@example.com,IL,1979-03-05,2022-03-05,INDIVIDUAL,2024-01-02 02:00:00
CU00159,Diego,Dubois,diego.dubois159@example.com,MN,1960-04-07,2016-10-27,INDIVIDUAL,2024-01-02 02:00:00
CU00160,Hiro,Nakamura,hiro.nakamura160@example.com,CO,1980-05-29,2019-01-04,INDIVIDUAL,2024-01-02 02:00:00
CU00161,Kofi,Ibrahim,kofi.ibrahim161@example.com,GA,1983-08-01,2014-01-17,INDIVIDUAL,2024-01-02 02:00:00
CU00162,Priya,Nakamura,priya.nakamura162@example.com,TN,1958-08-31,2013-05-06,INDIVIDUAL,2024-01-02 02:00:00
CU00163,Theo,Rossi,theo.rossi163@example.com,MN,1979-07-29,2021-06-26,INDIVIDUAL,2024-01-02 02:00:00
CU00164,Noah,Brooks,noah.brooks164@example.com,FL,1975-10-22,2023-05-19,INDIVIDUAL,2024-01-02 02:00:00
CU00165,Kofi,Patel,kofi.patel165@example.com,OH,1970-02-13,2014-07-30,INDIVIDUAL,2024-01-02 02:00:00
CU00166,Anika,Hayes,anika.hayes166@example.com,WA,1988-07-01,2012-08-03,INDIVIDUAL,2024-01-02 02:00:00
CU00167,Kofi,Walsh,kofi.walsh167@example.com,TX,1973-12-29,2018-12-06,INDIVIDUAL,2024-01-02 02:00:00
CU00168,Ravi,Alvarez,ravi.alvarez168@example.com,GA,1966-04-11,2015-03-08,INDIVIDUAL,2024-01-02 02:00:00
CU00169,Avery,Chen,avery.chen169@example.com,AZ,1997-08-04,2015-07-13,INDIVIDUAL,2024-01-02 02:00:00
CU00170,Noah,Kowalski,NOAH.KOWALSKI170@EXAMPLE.COM,FL,2000-12-02,2015-07-13,INDIVIDUAL,2024-01-02 02:00:00
CU00171,Jordan,Varga,jordan.varga171@example.com,NC,1957-04-27,2021-11-30,INDIVIDUAL,2024-01-02 02:00:00
CU00172,Grace,Quinn,grace.quinn172@example.com,PA,1960-03-18,2022-11-30,INDIVIDUAL,2024-01-02 02:00:00
CU00173,Samuel,Brooks,SAMUEL.BROOKS173@EXAMPLE.COM,IL,1969-10-13,2016-08-01,INDIVIDUAL,2024-01-02 02:00:00
CU00174,Grace,Eriksen,GRACE.ERIKSEN174@EXAMPLE.COM,NC,1972-12-03,2021-08-28,INDIVIDUAL,2024-01-02 02:00:00
CU00175,Chloe,Rossi,chloe.rossi175@example.com,WA,1970-08-24,2019-12-11,INDIVIDUAL,2024-01-02 02:00:00
CU00176,Noah,Brooks,NOAH.BROOKS176@EXAMPLE.COM,TX,1989-02-19,2019-01-08,INDIVIDUAL,2024-01-02 02:00:00
CU00177,Anika,Moreau,ANIKA.MOREAU177@EXAMPLE.COM,NC,1987-06-22,2019-04-14,INDIVIDUAL,2024-01-02 02:00:00
CU00178,Lucas,Okafor,lucas.okafor178@example.com,OH,1982-06-19,2021-10-09,INDIVIDUAL,2024-01-02 02:00:00
CU00179,Zara,Chen,zara.chen179@example.com,NC,1985-07-04,2015-10-09,INDIVIDUAL,2024-01-02 02:00:00
CU00180,Mira,Dubois,mira.dubois180@example.com,WA,1997-08-08,2019-11-16,INDIVIDUAL,2024-01-02 02:00:00
CU00181,Mira,Eriksen,mira.eriksen181@example.com,OH,1971-03-14,2015-06-06,INDIVIDUAL,2024-01-02 02:00:00
CU00182,Mira,Chen,mira.chen182@example.com,MN,1965-11-22,2022-01-25,INDIVIDUAL,2024-01-02 02:00:00
CU00183,Anika,Underwood,anika.underwood183@example.com,MN,1978-12-30,2022-07-08,INDIVIDUAL,2024-01-02 02:00:00
CU00184,Samuel,Ibrahim,SAMUEL.IBRAHIM184@EXAMPLE.COM,TX,2003-01-22,2022-05-10,INDIVIDUAL,2024-01-02 02:00:00
CU00185,Jordan,Larsen,jordan.larsen185@example.com,OH,1975-10-03,2014-01-09,INDIVIDUAL,2024-01-02 02:00:00
CU00186,Zara,Moreau,zara.moreau186@example.com,FL,1991-07-07,2012-12-02,INDIVIDUAL,2024-01-02 02:00:00
CU00187,Anika,Underwood,anika.underwood187@example.com,PA,1966-11-21,2013-05-21,INDIVIDUAL,2024-01-02 02:00:00
CU00188,Ines,Walsh,INES.WALSH188@EXAMPLE.COM,WA,1957-07-26,2021-10-26,INDIVIDUAL,2024-01-02 02:00:00
CU00189,Zara,Quinn,zara.quinn189@example.com,PA,1964-03-29,2021-03-02,INDIVIDUAL,2024-01-02 02:00:00
CU00190,Kofi,Tanaka,KOFI.TANAKA190@EXAMPLE.COM,MN,1954-09-12,2014-02-13,INDIVIDUAL,2024-01-02 02:00:00
CU00191,Chloe,Jensen,chloe.jensen191@example.com,TN,1972-08-10,2015-05-16,INDIVIDUAL,2024-01-02 02:00:00
CU00192,Anika,Varga,anika.varga192@example.com,PA,1962-09-09,2020-10-15,INDIVIDUAL,2024-01-02 02:00:00
CU00193,Elena,Chen,elena.chen193@example.com,WA,1977-10-10,2014-11-12,INDIVIDUAL,2024-01-02 02:00:00
CU00194,Noah,Varga,old.noah.varga194@example.com,OH,1997-03-23,2020-02-12,INDIVIDUAL,2023-06-01 02:00:00
CU00194,Noah,Varga,noah.varga194@example.com,OH,1997-03-23,2020-02-12,INDIVIDUAL,2024-01-02 02:00:00
CU00195,Samuel,Fischer,samuel.fischer195@example.com,PA,1969-03-20,2017-01-29,INDIVIDUAL,2024-01-02 02:00:00
CU00196,Lena,Chen,lena.chen196@example.com,OH,1976-07-15,2023-10-23,INDIVIDUAL,2024-01-02 02:00:00
CU00197,Ines,Tanaka,ines.tanaka197@example.com,FL,1961-10-04,2015-09-18,INDIVIDUAL,2024-01-02 02:00:00
CU00198,Jordan,Nakamura,jordan.nakamura198@example.com,MN,1982-09-07,2018-05-23,INDIVIDUAL,2024-01-02 02:00:00
CU00199,Maya,Hayes,maya.hayes199@example.com,AZ,1997-11-28,2022-07-09,INDIVIDUAL,2024-01-02 02:00:00
CU00200,Grace,Larsen,grace.larsen200@example.com,CO,2001-03-05,2020-07-25,INDIVIDUAL,2024-01-02 02:00:00
CU00201,Diego,Fischer,diego.fischer201@example.com,FL,1967-12-01,2022-10-11,INDIVIDUAL,2024-01-02 02:00:00
CU00202,Theo,Dubois,theo.dubois202@example.com,OH,1996-04-14,2018-02-12,INDIVIDUAL,2024-01-02 02:00:00
CU00203,Zara,Eriksen,zara.eriksen203@example.com,OH,1989-04-01,2022-02-12,INDIVIDUAL,2024-01-02 02:00:00
CU00204,Avery,Nakamura,avery.nakamura204@example.com,IL,1954-10-12,2013-10-30,INDIVIDUAL,2024-01-02 02:00:00
CU00205,Avery,Kowalski,avery.kowalski205@example.com,TN,1958-11-21,2015-02-01,INDIVIDUAL,2024-01-02 02:00:00
CU00206,Felix,Walsh,old.felix.walsh206@example.com,TN,1962-06-14,2013-10-11,INDIVIDUAL,2023-06-01 02:00:00
CU00206,Felix,Walsh,felix.walsh206@example.com,TN,1962-06-14,2013-10-11,INDIVIDUAL,2024-01-02 02:00:00
CU00207,Grace,Eriksen,grace.eriksen207@example.com,TN,1999-03-28,2018-06-18,INDIVIDUAL,2024-01-02 02:00:00
CU00208,Mateo,Brooks,mateo.brooks208@example.com,IL,1971-05-24,2013-05-29,INDIVIDUAL,2024-01-02 02:00:00
CU00209,Felix,Tanaka,felix.tanaka209@example.com,TX,1998-02-03,2015-03-22,INDIVIDUAL,2024-01-02 02:00:00
CU00210,Avery,Tanaka,avery.tanaka210@example.com,AZ,1981-08-27,2013-12-02,INDIVIDUAL,2024-01-02 02:00:00
CU00211,Ravi,Chen,ravi.chen211@example.com,WA,1997-03-12,2012-06-15,INDIVIDUAL,2024-01-02 02:00:00
CU00212,Felix,Brooks,FELIX.BROOKS212@EXAMPLE.COM,PA,1984-09-16,2013-07-07,INDIVIDUAL,2024-01-02 02:00:00
CU00213,Noah,Varga,noah.varga213@example.com,FL,1959-04-20,2012-12-29,INDIVIDUAL,2024-01-02 02:00:00
CU00214,Ines,Underwood,ines.underwood214@example.com,MN,1965-09-16,2016-02-02,INDIVIDUAL,2024-01-02 02:00:00
CU00215,Priya,Walsh,PRIYA.WALSH215@EXAMPLE.COM,TX,1991-01-23,2016-06-22,INDIVIDUAL,2024-01-02 02:00:00
CU00216,Ines,Jensen,ines.jensen216@example.com,IL,1996-03-28,2017-09-06,INDIVIDUAL,2024-01-02 02:00:00
CU00217,Mira,Gupta,MIRA.GUPTA217@EXAMPLE.COM,PA,1975-09-02,2019-06-12,INDIVIDUAL,2024-01-02 02:00:00
CU00218,Ravi,Nakamura,ravi.nakamura218@example.com,TN,1985-11-20,2019-08-09,INDIVIDUAL,2024-01-02 02:00:00
CU00219,Felix,Walsh,felix.walsh219@example.com,PA,1994-08-20,2013-11-07,INDIVIDUAL,2024-01-02 02:00:00
CU00220,Priya,Nakamura,priya.nakamura220@example.com,WA,1966-03-11,2019-05-10,INDIVIDUAL,2024-01-02 02:00:00
CU00221,Samuel,Okafor,samuel.okafor221@example.com,GA,1988-03-24,2012-12-12,INDIVIDUAL,2024-01-02 02:00:00
CU00222,Ravi,Tanaka,ravi.tanaka222@example.com,NC,1989-01-08,2013-04-14,INDIVIDUAL,2024-01-02 02:00:00
CU00223,Mira,Moreau,mira.moreau223@example.com,WA,1982-08-05,2012-09-12,INDIVIDUAL,2024-01-02 02:00:00
CU00224,Lucas,Varga,lucas.varga224@example.com,TX,1989-04-24,2020-03-19,INDIVIDUAL,2024-01-02 02:00:00
CU00225,Anika,Brooks,anika.brooks225@example.com,MN,1963-10-07,2021-12-15,INDIVIDUAL,2024-01-02 02:00:00
CU00226,Anika,Eriksen,anika.eriksen226@example.com,PA,1997-07-02,2017-08-06,INDIVIDUAL,2024-01-02 02:00:00
CU00227,Avery,Fischer,avery.fischer227@example.com,WA,1994-10-09,2017-11-14,INDIVIDUAL,2024-01-02 02:00:00
CU00228,Elena,Okafor,elena.okafor228@example.com,FL,1969-04-02,2023-01-06,INDIVIDUAL,2024-01-02 02:00:00
CU00229,Lena,Chen,lena.chen229@example.com,GA,1990-07-22,2013-12-20,INDIVIDUAL,2024-01-02 02:00:00
CU00230,Ines,Varga,ines.varga230@example.com,TN,1981-03-03,2018-09-23,INDIVIDUAL,2024-01-02 02:00:00
CU00231,Elena,Walsh,elena.walsh231@example.com,PA,1965-08-14,2016-07-04,INDIVIDUAL,2024-01-02 02:00:00
CU00232,Hiro,Patel,hiro.patel232@example.com,PA,1952-05-11,2014-11-29,INDIVIDUAL,2024-01-02 02:00:00
CU00233,Priya,Chen,priya.chen233@example.com,IL,1977-09-30,2023-10-16,INDIVIDUAL,2024-01-02 02:00:00
CU00234,Diego,Santos,diego.santos234@example.com,GA,1956-08-13,2022-02-03,INDIVIDUAL,2024-01-02 02:00:00
CU00235,Zara,Larsen,zara.larsen235@example.com,WA,1961-07-07,2014-11-23,INDIVIDUAL,2024-01-02 02:00:00
CU00236,Jordan,Dubois,jordan.dubois236@example.com,GA,1996-06-25,2017-01-21,INDIVIDUAL,2024-01-02 02:00:00
CU00237,Zara,Jensen,zara.jensen237@example.com,NC,1957-01-28,2018-02-26,INDIVIDUAL,2024-01-02 02:00:00
CU00238,Samuel,Tanaka,samuel.tanaka238@example.com,OH,1997-11-11,2015-06-17,INDIVIDUAL,2024-01-02 02:00:00
CU00239,Lucas,Tanaka,lucas.tanaka239@example.com, fl ,1980-04-16,2013-10-27,INDIVIDUAL,2024-01-02 02:00:00
CU00240,Mira,Santos,mira.santos240@example.com,MN,1973-09-29,2012-09-05,INDIVIDUAL,2024-01-02 02:00:00
CU00241,Mira,Rossi,mira.rossi241@example.com,MN,1975-12-27,2021-02-08,INDIVIDUAL,2024-01-02 02:00:00
CU00242,Priya,Walsh,priya.walsh242@example.com,GA,1955-05-18,2016-07-29,INDIVIDUAL,2024-01-02 02:00:00
CU00243,Lena,Kowalski,lena.kowalski243@example.com,TN,1978-08-25,2020-12-10,INDIVIDUAL,2024-01-02 02:00:00
CU00244,Ravi,Quinn,ravi.quinn244@example.com,OH,2000-05-22,2017-12-31,INDIVIDUAL,2024-01-02 02:00:00
CU00245,Lena,Dubois,lena.dubois245@example.com,NC,1954-07-17,2021-05-18,INDIVIDUAL,2024-01-02 02:00:00
CU00246,Omar,Kowalski,omar.kowalski246@example.com,TN,2001-10-29,2023-03-05,INDIVIDUAL,2024-01-02 02:00:00
CU00247,Maya,Patel,maya.patel247@example.com, co ,1977-09-06,2023-05-03,INDIVIDUAL,2024-01-02 02:00:00
CU00248,Hiro,Gupta,hiro.gupta248@example.com, pa ,2002-05-03,2022-07-22,INDIVIDUAL,2024-01-02 02:00:00
CU00249,Avery,Dubois,avery.dubois249@example.com,GA,1988-08-29,2021-01-16,INDIVIDUAL,2024-01-02 02:00:00
CU00250,Chloe,Brooks,chloe.brooks250@example.com,WA,2001-02-28,2013-08-25,INDIVIDUAL,2024-01-02 02:00:00
CU00251,Maya,Rossi,maya.rossi251@example.com,FL,1975-02-04,2014-03-03,INDIVIDUAL,2024-01-02 02:00:00
CU00252,Ines,Rossi,ines.rossi252@example.com,GA,1982-10-20,2023-03-20,INDIVIDUAL,2024-01-02 02:00:00
CU00253,Jordan,Eriksen,jordan.eriksen253@example.com,CO,1979-11-18,2023-07-25,INDIVIDUAL,2024-01-02 02:00:00
CU00254,Lucas,Kowalski,lucas.kowalski254@example.com,IL,1964-07-30,2018-09-17,INDIVIDUAL,2024-01-02 02:00:00
CU00255,Zara,Quinn,zara.quinn255@example.com,CO,1997-10-04,2012-05-16,INDIVIDUAL,2024-01-02 02:00:00
CU00256,Kofi,Dubois,kofi.dubois256@example.com,FL,1987-05-16,2012-08-06,INDIVIDUAL,2024-01-02 02:00:00
CU00257,Nia,Underwood,NIA.UNDERWOOD257@EXAMPLE.COM,FL,2001-11-24,2022-10-10,INDIVIDUAL,2024-01-02 02:00:00
CU00258,Mira,Tanaka,mira.tanaka258@example.com,GA,1984-02-10,2014-06-19,INDIVIDUAL,2024-01-02 02:00:00
CU00259,Maya,Kowalski,maya.kowalski259@example.com,GA,1987-07-28,2023-04-03,INDIVIDUAL,2024-01-02 02:00:00
CU00260,Felix,Brooks,felix.brooks260@example.com,WA,1962-05-22,2022-09-23,INDIVIDUAL,2024-01-02 02:00:00
CU00261,Ines,Fischer,ines.fischer261@example.com,WA,1991-03-29,2017-12-05,INDIVIDUAL,2024-01-02 02:00:00
CU00262,Grace,Hayes,grace.hayes262@example.com,WA,1975-01-12,2018-09-04,INDIVIDUAL,2024-01-02 02:00:00
CU00263,Elena,Gupta,elena.gupta263@example.com,PA,1993-11-14,2018-02-18,INDIVIDUAL,2024-01-02 02:00:00
CU00264,Anika,Varga,anika.varga264@example.com,IL,1998-09-25,2019-09-28,INDIVIDUAL,2024-01-02 02:00:00
CU00265,Lena,Jensen,LENA.JENSEN265@EXAMPLE.COM,NC,1953-10-10,2021-12-02,INDIVIDUAL,2024-01-02 02:00:00
CU00266,Noah,Patel,noah.patel266@example.com,AZ,1969-03-13,2018-02-03,INDIVIDUAL,2024-01-02 02:00:00
CU00267,Lucas,Santos,lucas.santos267@example.com,AZ,1971-06-20,2017-01-22,INDIVIDUAL,2024-01-02 02:00:00
CU00268,Jordan,Dubois,old.jordan.dubois268@example.com,PA,1987-01-30,2015-01-31,INDIVIDUAL,2023-06-01 02:00:00
CU00268,Jordan,Dubois,jordan.dubois268@example.com,PA,1987-01-30,2015-01-31,INDIVIDUAL,2024-01-02 02:00:00
CU00269,Theo,Fischer,theo.fischer269@example.com,MN,1986-07-04,2022-09-16,INDIVIDUAL,2024-01-02 02:00:00
CU00270,Samuel,Kowalski,samuel.kowalski270@example.com,MN,1975-08-10,2017-03-17,INDIVIDUAL,2024-01-02 02:00:00
CU00271,Noah,Brooks,noah.brooks271@example.com,IL,1965-09-15,2012-10-24,INDIVIDUAL,2024-01-02 02:00:00
CU00272,Chloe,Patel,old.chloe.patel272@example.com,TN,1966-09-19,2012-11-02,INDIVIDUAL,2023-06-01 02:00:00
CU00272,Chloe,Patel,chloe.patel272@example.com,TN,1966-09-19,2012-11-02,INDIVIDUAL,2024-01-02 02:00:00
CU00273,Anika,Tanaka,anika.tanaka273@example.com,PA,1959-08-18,2023-10-05,INDIVIDUAL,2024-01-02 02:00:00
CU00274,Lena,Quinn,lena.quinn274@example.com,NC,1991-12-28,2015-08-24,INDIVIDUAL,2024-01-02 02:00:00
CU00275,Mira,Ibrahim,mira.ibrahim275@example.com,TX,1966-09-15,2016-05-01,INDIVIDUAL,2024-01-02 02:00:00
CU00276,Mira,Moreau,mira.moreau276@example.com,WA,1988-05-15,2014-02-20,INDIVIDUAL,2024-01-02 02:00:00
CU00277,Lena,Patel,lena.patel277@example.com, az ,1979-01-12,2022-01-07,INDIVIDUAL,2024-01-02 02:00:00
CU00278,Ines,Jensen,ines.jensen278@example.com,TN,2002-04-04,2020-01-24,INDIVIDUAL,2024-01-02 02:00:00
CU00279,Jordan,Varga,jordan.varga279@example.com,CO,1960-08-09,2023-04-09,INDIVIDUAL,2024-01-02 02:00:00
CU00280,Elena,Jensen,elena.jensen280@example.com,MN,1960-07-14,2016-12-14,INDIVIDUAL,2024-01-02 02:00:00
CU00281,Lena,Patel,lena.patel281@example.com,CO,1963-09-29,2021-04-29,INDIVIDUAL,2024-01-02 02:00:00
CU00282,Felix,Rossi,felix.rossi282@example.com,AZ,1969-08-05,2013-11-01,INDIVIDUAL,2024-01-02 02:00:00
CU00283,Zara,Walsh,zara.walsh283@example.com,OH,1982-06-16,2023-05-03,INDIVIDUAL,2024-01-02 02:00:00
CU00284,Theo,Eriksen,theo.eriksen284@example.com,PA,1964-10-05,2016-08-09,INDIVIDUAL,2024-01-02 02:00:00
CU00285,Felix,Chen,felix.chen285@example.com,CO,1995-10-15,2023-07-06,INDIVIDUAL,2024-01-02 02:00:00
CU00286,Anika,Brooks,anika.brooks286@example.com,CO,2000-02-18,2012-06-27,INDIVIDUAL,2024-01-02 02:00:00
CU00287,Avery,Gupta,avery.gupta287@example.com, oh ,2001-11-19,2013-06-06,INDIVIDUAL,2024-01-02 02:00:00
CU00288,Jordan,Chen,jordan.chen288@example.com,TX,1992-05-08,2015-01-14,INDIVIDUAL,2024-01-02 02:00:00
CU00289,Noah,Underwood,noah.underwood289@example.com,PA,1987-09-18,2020-06-19,INDIVIDUAL,2024-01-02 02:00:00
CU00290,Kofi,Varga,kofi.varga290@example.com,GA,1998-05-20,2016-01-02,INDIVIDUAL,2024-01-02 02:00:00
CU00291,Chloe,Quinn,chloe.quinn291@example.com,TN,1961-06-04,2012-07-05,INDIVIDUAL,2024-01-02 02:00:00
CU00292,Maya,Varga,maya.varga292@example.com,IL,1998-11-05,2017-07-20,INDIVIDUAL,2024-01-02 02:00:00
CU00293,Lena,Ibrahim,LENA.IBRAHIM293@EXAMPLE.COM,TN,1966-11-29,2021-05-27,INDIVIDUAL,2024-01-02 02:00:00
CU00294,Avery,Hayes,AVERY.HAYES294@EXAMPLE.COM,OH,1968-06-27,2013-02-02,INDIVIDUAL,2024-01-02 02:00:00
CU00295,Jordan,Moreau,jordan.moreau295@example.com,AZ,1989-05-19,2013-04-07,INDIVIDUAL,2024-01-02 02:00:00
CU00296,Samuel,Hayes,samuel.hayes296@example.com,PA,2001-09-07,2019-03-11,INDIVIDUAL,2024-01-02 02:00:00
CU00297,Lena,Varga,lena.varga297@example.com,AZ,1996-10-06,2015-12-05,INDIVIDUAL,2024-01-02 02:00:00
CU00298,Diego,Rossi,diego.rossi298@example.com,TX,1994-06-19,2020-07-19,INDIVIDUAL,2024-01-02 02:00:00
CU00299,Ines,Walsh,ines.walsh299@example.com,IL,1987-05-09,2022-08-15,INDIVIDUAL,2024-01-02 02:00:00
CU00300,Hiro,Jensen,hiro.jensen300@example.com,CO,1962-12-14,2021-05-05,INDIVIDUAL,2024-01-02 02:00:00
CU00301,Lena,Moreau,lena.moreau301@example.com,NC,1971-10-15,2022-02-01,INDIVIDUAL,2024-01-02 02:00:00
CU00302,Priya,Rossi,priya.rossi302@example.com,TX,1967-02-02,2012-11-19,INDIVIDUAL,2024-01-02 02:00:00
CU00303,Grace,Santos,grace.santos303@example.com,AZ,2000-02-20,2019-06-20,INDIVIDUAL,2024-01-02 02:00:00
CU00304,Avery,Gupta,avery.gupta304@example.com,TN,1967-01-18,2022-09-28,INDIVIDUAL,2024-01-02 02:00:00
CU00305,Elena,Tanaka,elena.tanaka305@example.com,IL,1968-05-07,2018-05-07,INDIVIDUAL,2024-01-02 02:00:00
CU00306,Theo,Underwood,theo.underwood306@example.com,NC,1982-03-26,2023-02-25,INDIVIDUAL,2024-01-02 02:00:00
CU00307,Noah,Patel,noah.patel307@example.com,AZ,1978-09-24,2016-12-17,INDIVIDUAL,2024-01-02 02:00:00
CU00308,Avery,Ibrahim,avery.ibrahim308@example.com,FL,1999-08-22,2015-06-02,INDIVIDUAL,2024-01-02 02:00:00
CU00309,Hiro,Moreau,hiro.moreau309@example.com,AZ,2001-02-12,2019-07-28,INDIVIDUAL,2024-01-02 02:00:00
CU00310,Felix,Underwood,felix.underwood310@example.com,CO,1994-01-05,2015-10-18,INDIVIDUAL,2024-01-02 02:00:00
CU00311,Theo,Patel,theo.patel311@example.com,WA,1966-07-06,2023-10-02,INDIVIDUAL,2024-01-02 02:00:00
CU00312,Priya,Varga,priya.varga312@example.com,TX,1954-05-09,2017-03-10,INDIVIDUAL,2024-01-02 02:00:00
CU00313,Lena,Alvarez,LENA.ALVAREZ313@EXAMPLE.COM,WA,1969-08-16,2022-11-02,INDIVIDUAL,2024-01-02 02:00:00
CU00314,Avery,Alvarez,AVERY.ALVAREZ314@EXAMPLE.COM,WA,1997-09-30,2018-02-28,INDIVIDUAL,2024-01-02 02:00:00
CU00315,Samuel,Alvarez,samuel.alvarez315@example.com,TN,1995-01-21,2016-01-08,INDIVIDUAL,2024-01-02 02:00:00
CU00316,Mateo,Quinn,mateo.quinn316@example.com,AZ,1963-05-12,2019-12-13,INDIVIDUAL,2024-01-02 02:00:00
CU00317,Chloe,Chen,chloe.chen317@example.com,IL,1983-06-21,2017-01-24,INDIVIDUAL,2024-01-02 02:00:00
CU00318,Priya,Underwood,priya.underwood318@example.com,OH,1952-11-04,2022-09-04,INDIVIDUAL,2024-01-02 02:00:00
CU00319,Avery,Walsh,avery.walsh319@example.com,OH,1965-05-17,2019-06-06,INDIVIDUAL,2024-01-02 02:00:00
CU00320,Mateo,Quinn,mateo.quinn320@example.com,AZ,1953-10-26,2022-08-31,INDIVIDUAL,2024-01-02 02:00:00
CU00321,,Summit Outfitters LLC,old.office321@summit.example.com,WA,,2019-01-20,BUSINESS,2023-06-01 02:00:00
CU00321,,Summit Outfitters LLC,OFFICE321@SUMMIT.EXAMPLE.COM,WA,,2019-01-20,BUSINESS,2024-01-02 02:00:00
CU00322,,Granite Farms LLC,office322@granite.example.com,GA,,2020-12-06,BUSINESS,2024-01-02 02:00:00
CU00323,,Bluebird Dental LLC,office323@bluebird.example.com,FL,,2020-09-22,BUSINESS,2024-01-02 02:00:00
CU00324,,Redwood Brewing LLC,office324@redwood.example.com,IL,,2013-10-04,BUSINESS,2024-01-02 02:00:00
CU00325,,Copper Bakery LLC,office325@copper.example.com,OH,,2019-08-22,BUSINESS,2024-01-02 02:00:00
CU00326,,Lantern Farms LLC,office326@lantern.example.com,IL,,2018-02-17,BUSINESS,2024-01-02 02:00:00
CU00327,,Prairie Hardware LLC,office327@prairie.example.com,AZ,,2021-09-07,BUSINESS,2024-01-02 02:00:00
CU00328,,Lantern Clinic LLC,office328@lantern.example.com,OH,,2017-07-11,BUSINESS,2024-01-02 02:00:00
CU00329,,Summit Outfitters LLC,office329@summit.example.com,GA,,2015-06-17,BUSINESS,2024-01-02 02:00:00
CU00330,,Copper Brewing LLC,office330@copper.example.com,OH,,2021-12-22,BUSINESS,2024-01-02 02:00:00
CU00331,,Bluebird Logistics LLC,office331@bluebird.example.com,GA,,2023-06-29,BUSINESS,2024-01-02 02:00:00
CU00332,,Harbor Logistics LLC,office332@harbor.example.com,PA,,2019-04-11,BUSINESS,2024-01-02 02:00:00
CU00333,,Harbor Outfitters LLC,office333@harbor.example.com,IL,,2017-06-11,BUSINESS,2024-01-02 02:00:00
CU00334,,Maple Clinic LLC,office334@maple.example.com,GA,,2023-01-22,BUSINESS,2024-01-02 02:00:00
CU00335,,Maple Clinic LLC,office335@maple.example.com,NC,,2013-09-22,BUSINESS,2024-01-02 02:00:00
CU00336,,Granite Hardware LLC,office336@granite.example.com,FL,,2015-01-14,BUSINESS,2024-01-02 02:00:00
CU00337,,Lakeside Brewing LLC,office337@lakeside.example.com,FL,,2021-11-15,BUSINESS,2024-01-02 02:00:00
CU00338,,Orchard Farms LLC,office338@orchard.example.com,GA,,2016-07-03,BUSINESS,2024-01-02 02:00:00
CU00339,,Maple Clinic LLC,office339@maple.example.com,PA,,2023-01-05,BUSINESS,2024-01-02 02:00:00
CU00340,,Granite Brewing LLC,office340@granite.example.com,IL,,2020-03-09,BUSINESS,2024-01-02 02:00:00
CU00341,,Lantern Builders LLC,office341@lantern.example.com,FL,,2012-08-08,BUSINESS,2024-01-02 02:00:00
CU00342,,Prairie Builders LLC,office342@prairie.example.com,CO,,2013-07-20,BUSINESS,2024-01-02 02:00:00
CU00343,,Lakeside Hardware LLC,office343@lakeside.example.com,GA,,2015-06-16,BUSINESS,2024-01-02 02:00:00
CU00344,,Lakeside Logistics LLC,office344@lakeside.example.com,CO,,2020-12-27,BUSINESS,2024-01-02 02:00:00
CU00345,,Meridian Clinic LLC,office345@meridian.example.com, wa ,,2013-11-27,BUSINESS,2024-01-02 02:00:00
CU00346,,Granite Brewing LLC,OFFICE346@GRANITE.EXAMPLE.COM,GA,,2020-12-17,BUSINESS,2024-01-02 02:00:00
CU00347,,Copper Clinic LLC,office347@copper.example.com, oh ,,2023-06-15,BUSINESS,2024-01-02 02:00:00
CU00348,,Redwood Farms LLC,office348@redwood.example.com,TN,,2020-10-09,BUSINESS,2024-01-02 02:00:00
CU00349,,Orchard Farms LLC,office349@orchard.example.com,TN,,2012-07-20,BUSINESS,2024-01-02 02:00:00
CU00350,,Bluebird Clinic LLC,office350@bluebird.example.com,OH,,2015-03-06,BUSINESS,2024-01-02 02:00:00
CU00351,,Copper Hardware LLC,office351@copper.example.com,AZ,,2014-03-10,BUSINESS,2024-01-02 02:00:00
CU00352,,Meridian Hardware LLC,old.office352@meridian.example.com,PA,,2014-07-31,BUSINESS,2023-06-01 02:00:00
CU00352,,Meridian Hardware LLC,OFFICE352@MERIDIAN.EXAMPLE.COM,PA,,2014-07-31,BUSINESS,2024-01-02 02:00:00
CU00353,,Copper Logistics LLC,office353@copper.example.com,MN,,2017-06-21,BUSINESS,2024-01-02 02:00:00
CU00354,,Redwood Dental LLC,office354@redwood.example.com,PA,,2017-03-14,BUSINESS,2024-01-02 02:00:00
CU00355,,Orchard Dental LLC,office355@orchard.example.com,GA,,2012-08-27,BUSINESS,2024-01-02 02:00:00
CU00356,,Granite Hardware LLC,OFFICE356@GRANITE.EXAMPLE.COM,FL,,2016-10-25,BUSINESS,2024-01-02 02:00:00
CU00357,,Meridian Logistics LLC,office357@meridian.example.com,FL,,2016-03-11,BUSINESS,2024-01-02 02:00:00
CU00358,,Granite Hardware LLC,office358@granite.example.com,OH,,2023-11-02,BUSINESS,2024-01-02 02:00:00
CU00359,,Copper Farms LLC,office359@copper.example.com,IL,,2019-10-21,BUSINESS,2024-01-02 02:00:00
CU00360,,Prairie Farms LLC,office360@prairie.example.com,GA,,2018-09-02,BUSINESS,2024-01-02 02:00:00
CU00361,,Lantern Logistics LLC,office361@lantern.example.com,MN,,2018-11-06,BUSINESS,2024-01-02 02:00:00
CU00362,,Copper Dental LLC,office362@copper.example.com,WA,,2020-08-09,BUSINESS,2024-01-02 02:00:00
CU00363,,Prairie Studios LLC,office363@prairie.example.com,TN,,2015-11-20,BUSINESS,2024-01-02 02:00:00
CU00364,,Prairie Outfitters LLC,office364@prairie.example.com,GA,,2013-03-15,BUSINESS,2024-01-02 02:00:00
CU00365,,Harbor Hardware LLC,office365@harbor.example.com,GA,,2023-05-03,BUSINESS,2024-01-02 02:00:00
CU00366,,Lakeside Hardware LLC,office366@lakeside.example.com,IL,,2015-10-02,BUSINESS,2024-01-02 02:00:00
CU00367,,Harbor Builders LLC,office367@harbor.example.com, nc ,,2018-06-22,BUSINESS,2024-01-02 02:00:00
CU00368,,Prairie Farms LLC,office368@prairie.example.com,TN,,2023-06-16,BUSINESS,2024-01-02 02:00:00
CU00369,,Summit Outfitters LLC,office369@summit.example.com,WA,,2012-12-06,BUSINESS,2024-01-02 02:00:00
CU00370,,Prairie Studios LLC,office370@prairie.example.com,AZ,,2017-07-20,BUSINESS,2024-01-02 02:00:00
CU00371,,Harbor Hardware LLC,office371@harbor.example.com,NC,,2021-11-05,BUSINESS,2024-01-02 02:00:00
CU00372,,Summit Builders LLC,office372@summit.example.com,AZ,,2019-11-12,BUSINESS,2024-01-02 02:00:00
CU00373,,Lantern Clinic LLC,office373@lantern.example.com,GA,,2016-08-22,BUSINESS,2024-01-02 02:00:00
CU00374,,Lantern Brewing LLC,office374@lantern.example.com,WA,,2019-04-05,BUSINESS,2024-01-02 02:00:00
CU00375,,Bluebird Outfitters LLC,office375@bluebird.example.com,FL,,2014-02-19,BUSINESS,2024-01-02 02:00:00
CU00376,,Lakeside Bakery LLC,office376@lakeside.example.com,NC,,2014-12-23,BUSINESS,2024-01-02 02:00:00
CU00377,,Meridian Brewing LLC,office377@meridian.example.com,AZ,,2022-12-23,BUSINESS,2024-01-02 02:00:00
CU00378,,Orchard Outfitters LLC,office378@orchard.example.com,MN,,2014-02-01,BUSINESS,2024-01-02 02:00:00
CU00379,,Meridian Outfitters LLC,office379@meridian.example.com,TN,,2022-12-12,BUSINESS,2024-01-02 02:00:00
CU00380,,Harbor Logistics LLC,office380@harbor.example.com,TN,,2020-01-13,BUSINESS,2024-01-02 02:00:00
CU00381,,Redwood Clinic LLC,office381@redwood.example.com,AZ,,2023-02-04,BUSINESS,2024-01-02 02:00:00
CU00382,,Bluebird Brewing LLC,office382@bluebird.example.com,WA,,2022-11-19,BUSINESS,2024-01-02 02:00:00
CU00383,,Orchard Bakery LLC,old.office383@orchard.example.com,TX,,2022-04-22,BUSINESS,2023-06-01 02:00:00
CU00383,,Orchard Bakery LLC,office383@orchard.example.com,TX,,2022-04-22,BUSINESS,2024-01-02 02:00:00
CU00384,,Maple Hardware LLC,office384@maple.example.com, co ,,2016-07-15,BUSINESS,2024-01-02 02:00:00
CU00385,,Maple Outfitters LLC,office385@maple.example.com,GA,,2014-02-03,BUSINESS,2024-01-02 02:00:00
CU00386,,Bluebird Logistics LLC,office386@bluebird.example.com,PA,,2013-02-28,BUSINESS,2024-01-02 02:00:00
CU00387,,Bluebird Builders LLC,office387@bluebird.example.com,IL,,2012-01-09,BUSINESS,2024-01-02 02:00:00
CU00388,,Summit Dental LLC,old.office388@summit.example.com,FL,,2012-03-17,BUSINESS,2023-06-01 02:00:00
CU00388,,Summit Dental LLC,office388@summit.example.com,FL,,2012-03-17,BUSINESS,2024-01-02 02:00:00
CU00389,,Copper Logistics LLC,office389@copper.example.com,IL,,2017-02-18,BUSINESS,2024-01-02 02:00:00
CU00390,,Meridian Logistics LLC,office390@meridian.example.com,OH,,2015-01-28,BUSINESS,2024-01-02 02:00:00
