policy_id,policy_number,customer_id,product_line_code,effective_date,expiration_date,annual_premium_cents,coverage_limit_cents,deductible_cents,policy_status,sales_channel,_loaded_at
P000001,NWM-CPROP-24-000001,CU00342,CPROP,2024-05-16,2025-05-16,1146567,100000000,500000,Active,DIRECT,2024-05-16 02:00:00
P000002,NWM-PAUTO-25-000002,CU00155,PAUTO,2025-07-20,2026-07-20,163530,25000000,50000,ACTIVE,BROKER,2025-07-20 02:00:00
P000003,NWM-RENT-24-000003,CU00292,RENT,2024-03-13,2025-03-13,44792,5000000,50000,Active,DIRECT,2024-03-13 02:00:00
P000004,NWM-HOME-25-000004,CU00262,HOME,2025-10-17,2026-10-17,187504,50000000,100000,ACTIVE,AGENT,2025-10-17 02:00:00
P000005,NWM-RENT-24-000005,CU00090,RENT,2024-09-01,2025-09-01,24697,2500000,50000,ACTIVE,AGENT,2024-09-01 02:00:00
P000006,NWM-PAUTO-24-000006,CU00019,PAUTO,2024-01-13,2025-01-13,113777,25000000,50000,active ,BROKER,2024-01-13 02:00:00
P000007,NWM-HOME-24-000007,CU00103, home,2024-10-16,2025-10-16,213394,30000000,250000,Active,BROKER,2024-10-16 02:00:00
P000008,NWM-PAUTO-25-000008,CU00267,PAUTO,2025-05-18,2026-05-18,113145,10000000,50000,Active,BROKER,2025-05-18 02:00:00
P000009,NWM-PAUTO-24-000009,CU00140,PAUTO,2024-11-18,2025-11-18,189169,50000000,100000,ACTIVE,AGENT,2024-11-18 02:00:00
P000010,NWM-HOME-25-000010,CU00232,HOME,2025-11-24,2026-11-24,111433,30000000,100000,active ,BROKER,2025-11-24 02:00:00
P000011,NWM-PAUTO-24-000011,CU00133,PAUTO,2024-08-15,2025-08-15,120715,50000000,50000,ACTIVE,AGENT,2024-08-15 02:00:00
P000012,NWM-HOME-24-000012,CU00018,HOME,2024-12-28,2025-12-28,154846,50000000,250000,active ,BROKER,2024-12-28 02:00:00
P000013,NWM-RENT-25-000013,CU00014,RENT,2025-05-06,2026-05-06,26981,5000000,50000,Active,BROKER,2025-05-06 02:00:00
P000014,NWM-CPROP-25-000014,CU00361,CPROP,2025-02-01,2026-02-01,644933,100000000,500000,active ,BROKER,2025-02-01 02:00:00
P000015,NWM-PAUTO-24-000015,CU00192,PAUTO,2024-06-30,2025-06-30,219288,10000000,100000,active ,BROKER,2024-06-30 02:00:00
P000016,NWM-PAUTO-25-000016,CU00054,PAUTO,2025-08-09,2026-08-09,244146,50000000,50000,Active,AGENT,2025-08-09 02:00:00
P000017,NWM-RENT-24-000017,CU00194,RENT,2024-02-19,2025-02-19,21653,2500000,50000,Active,BROKER,2024-02-19 02:00:00
P000018,NWM-HOME-25-000018,CU00116,HOME,2025-01-25,2026-01-25,162698,50000000,250000,Active,BROKER,2025-01-25 02:00:00
P000019,NWM-HOME-25-000019,CU00086,HOME,2025-08-08,2026-08-08,219966,30000000,250000,ACTIVE,AGENT,2025-08-08 02:00:00
P000020,NWM-PAUTO-24-000020,CU00077,PAUTO,2024-10-09,2025-10-09,155023,10000000,100000,ACTIVE,BROKER,2024-10-09 02:00:00
P000021,NWM-PAUTO-25-000021,CU00026,PAUTO,2025-09-15,2026-09-15,159375,25000000,100000,active ,DIRECT,2025-09-15 02:00:00
P000022,NWM-RENT-24-000022,CU00310,RENT,2024-04-10,2025-04-10,18619,5000000,50000,active ,AGENT,2024-04-10 02:00:00
P000023,NWM-PAUTO-25-000023,CU00064,PAUTO,2025-01-04,2026-01-04,157989,25000000,100000,active ,AGENT,2025-01-04 02:00:00
P000024,NWM-PAUTO-25-000024,CU00157,PAUTO,2025-11-29,2026-11-29,164040,10000000,50000,active ,BROKER,2025-11-29 02:00:00
P000025,NWM-HOME-25-000025,CU00192, home,2025-11-24,2026-11-24,184283,75000000,100000,active ,BROKER,2025-11-24 02:00:00
P000026,NWM-PAUTO-24-000026,CU00265,PAUTO,2024-11-28,2025-11-28,172686,50000000,100000,ACTIVE,AGENT,2024-11-28 02:00:00
P000027,NWM-RENT-24-000027,CU00088,RENT,2024-08-15,2025-08-15,32427,5000000,50000,active ,BROKER,2024-08-15 02:00:00
P000028,NWM-HOME-25-000028,CU00078,HOME,2025-09-27,2026-09-27,180278,50000000,250000,ACTIVE,AGENT,2025-09-27 02:00:00
P000029,NWM-HOME-24-000029,CU00046,HOME,2024-08-02,2025-08-02,205963,30000000,250000,ACTIVE,BROKER,2024-08-02 02:00:00
P000030,NWM-GLIAB-24-000030,CU00326,GLIAB,2024-11-15,2025-11-15,525279,200000000,0,Active,DIRECT,2024-11-15 02:00:00
P000031,NWM-RENT-25-000031,CU00071,RENT,2025-10-07,2026-10-07,18078,2500000,50000,Active,AGENT,2025-10-07 02:00:00
P000032,NWM-CPROP-25-000032,CU00384,CPROP,2025-06-19,2026-06-19,1303081,200000000,1000000,ACTIVE,BROKER,2025-06-19 02:00:00
P000033,NWM-RENT-24-000033,CU00026,RENT,2024-04-13,2025-04-13,42360,5000000,50000,ACTIVE,AGENT,2024-04-13 02:00:00
P000034,NWM-RENT-25-000034,CU00140,RENT,2025-01-16,2026-01-16,30674,5000000,50000,Active,BROKER,2025-01-16 02:00:00
P000035,NWM-HOME-24-000035,CU00134,HOME,2024-01-30,2025-01-30,177466,50000000,250000,active ,DIRECT,2024-01-30 02:00:00
P000036,NWM-RENT-24-000036,CU00252,RENT,2024-06-09,2025-06-09,26117,5000000,25000,Active,AGENT,2024-06-09 02:00:00
P000037,NWM-PAUTO-25-000037,CU00091,PAUTO,2025-05-25,2026-05-25,145750,50000000,100000,active ,BROKER,2025-05-25 02:00:00
P000038,NWM-RENT-25-000038,CU00320,RENT,2025-06-08,2026-06-08,19476,5000000,25000,active ,DIRECT,2025-06-08 02:00:00
P000039,NWM-HOME-25-000039,CU00217,HOME,2025-08-19,2026-08-19,197152,50000000,250000,ACTIVE,BROKER,2025-08-19 02:00:00
P000040,NWM-CPROP-24-000040,CU00357,CPROP,2024-04-14,2025-04-14,1107579,100000000,1000000,active ,BROKER,2024-04-14 02:00:00
P000041,NWM-GLIAB-24-000041,CU00356,GLIAB,2024-03-17,2025-03-17,578017,100000000,250000,active ,DIRECT,2024-03-17 02:00:00
P000042,NWM-HOME-25-000042,CU00170,HOME,2025-03-01,2026-03-01,185662,50000000,100000,Active,DIRECT,2025-03-01 02:00:00
P000043,NWM-HOME-24-000043,CU00152,HOME,2024-10-16,2025-10-16,118041,50000000,250000,active ,AGENT,2024-10-16 02:00:00
P000044,NWM-GLIAB-24-000044,CU00377,GLIAB,2024-04-18,2025-04-18,510376,100000000,250000,Active,DIRECT,2024-04-18 02:00:00
P000045,NWM-RENT-25-000045,CU00306, rent,2025-10-25,2026-10-25,27377,2500000,25000,Active,BROKER,2025-10-25 02:00:00
P000046,NWM-GLIAB-25-000046,CU00327,GLIAB,2025-06-08,2026-06-08,563503,200000000,0,active ,DIRECT,2025-06-08 02:00:00
P000047,NWM-RENT-24-000047,CU00169,RENT,2024-08-28,2025-08-28,16565,2500000,50000,active ,BROKER,2024-08-28 02:00:00
P000048,NWM-PAUTO-24-000048,CU00040,PAUTO,2024-10-14,2025-10-14,167425,50000000,50000,active ,AGENT,2024-10-14 02:00:00
P000049,NWM-HOME-24-000049,CU00185,HOME,2024-03-05,2025-03-05,157751,75000000,100000,Active,DIRECT,2024-03-05 02:00:00
P000050,NWM-RENT-25-000050,CU00066,RENT,2025-05-05,2026-05-05,22425,5000000,25000,active ,BROKER,2025-05-05 02:00:00
P000051,NWM-RENT-25-000051,CU00094,RENT,2025-04-27,2026-04-27,31438,5000000,25000,active ,BROKER,2025-04-27 02:00:00
P000052,NWM-CPROP-25-000052,CU00337,CPROP,2025-09-12,2026-09-12,682747,100000000,500000,active ,BROKER,2025-09-12 02:00:00
P000053,NWM-HOME-24-000053,CU00295,HOME,2024-08-22,2025-08-22,258794,50000000,250000,ACTIVE,DIRECT,2024-08-22 02:00:00
P000054,NWM-PAUTO-25-000054,CU00212,PAUTO,2025-07-02,2026-07-02,132949,25000000,100000,active ,BROKER,2025-07-02 02:00:00
P000055,NWM-GLIAB-25-000055,CU00377,GLIAB,2025-02-14,2026-02-14,753053,100000000,0,ACTIVE,AGENT,2025-02-14 02:00:00
P000056,NWM-HOME-25-000056,CU00036,HOME,2025-11-16,2026-11-16,161468,75000000,100000,ACTIVE,BROKER,2025-11-16 02:00:00
P000057,NWM-PAUTO-25-000057,CU00060,PAUTO,2025-02-20,2026-02-20,140851,50000000,100000,active ,DIRECT,2025-02-20 02:00:00
P000058,NWM-PAUTO-25-000058,CU00212,PAUTO,2025-10-10,2026-10-10,164094,50000000,50000,Active,BROKER,2025-10-10 02:00:00
P000059,NWM-HOME-25-000059,CU00138,HOME,2025-07-21,2026-07-21,256317,50000000,100000,ACTIVE,BROKER,2025-07-21 02:00:00
P000060,NWM-RENT-24-000060,CU00278,RENT,2024-06-08,2025-06-08,29786,2500000,50000,ACTIVE,DIRECT,2024-06-08 02:00:00
P000061,NWM-RENT-24-000061,CU00133,RENT,2024-01-13,2025-01-13,29324,2500000,50000,ACTIVE,BROKER,2024-01-13 02:00:00
P000062,NWM-GLIAB-24-000062,CU00387,GLIAB,2024-06-02,2025-06-02,672091,200000000,250000,active ,BROKER,2024-06-02 02:00:00
P000063,NWM-PAUTO-24-000063,CU00276,PAUTO,2024-05-04,2025-05-04,114700,50000000,50000,ACTIVE,DIRECT,2024-05-04 02:00:00
P000064,NWM-PAUTO-25-000064,CU00095,PAUTO,2025-10-22,2026-10-22,93917,25000000,100000,ACTIVE,AGENT,2025-10-22 02:00:00
P000065,NWM-PAUTO-24-000065,CU00269,PAUTO,2024-03-06,2025-03-06,199784,10000000,50000,ACTIVE,AGENT,2024-03-06 02:00:00
P000066,NWM-PAUTO-25-000066,CU00288,PAUTO,2025-03-16,2026-03-16,192240,10000000,100000,Active,DIRECT,2025-03-16 02:00:00
P000067,NWM-HOME-25-000067,CU00201,HOME,2025-05-25,2026-05-25,216930,30000000,100000,ACTIVE,BROKER,2025-05-25 02:00:00
P000068,NWM-PAUTO-25-000068,CU00160,PAUTO,2025-04-16,2026-04-16,156497,50000000,50000,Active,AGENT,2025-04-16 02:00:00
P000069,NWM-PAUTO-24-000069,CU00022, pauto,2024-06-20,2025-06-20,189741,25000000,50000,active ,BROKER,2024-06-20 02:00:00
P000070,NWM-PAUTO-25-000070,CU00194, pauto,2025-07-25,2026-07-25,232829,25000000,50000,Active,BROKER,2025-07-25 02:00:00
P000071,NWM-HOME-25-000071,CU00260, home,2025-04-05,2026-04-05,159812,50000000,250000,Active,BROKER,2025-04-05 02:00:00
P000072,NWM-RENT-24-000072,CU00099,RENT,2024-02-14,2025-02-14,30670,2500000,25000,ACTIVE,AGENT,2024-02-14 02:00:00
P000073,NWM-PAUTO-25-000073,CU00219,PAUTO,2025-07-25,2026-07-25,134421,50000000,100000,ACTIVE,AGENT,2025-07-25 02:00:00
P000074,NWM-GLIAB-25-000074,CU00348,GLIAB,2025-01-15,2026-01-15,613751,200000000,0,Active,BROKER,2025-01-15 02:00:00
P000075,NWM-CPROP-24-000075,CU00366,CPROP,2024-10-09,2025-10-09,1372312,100000000,500000,ACTIVE,AGENT,2024-10-09 02:00:00
P000076,NWM-PAUTO-24-000076,CU00117,PAUTO,2024-12-08,2025-12-08,98001,25000000,50000,active ,BROKER,2024-12-08 02:00:00
P000077,NWM-PAUTO-25-000077,CU00295,PAUTO,2025-09-22,2026-09-22,120424,25000000,100000,ACTIVE,AGENT,2025-09-22 02:00:00
P000078,NWM-GLIAB-25-000078,CU00340,GLIAB,2025-09-23,2026-09-23,747333,100000000,0,active ,AGENT,2025-09-23 02:00:00
P000079,NWM-HOME-24-000079,CU00270,HOME,2024-09-21,2025-09-21,190277,30000000,100000,ACTIVE,DIRECT,2024-09-21 02:00:00
P000080,NWM-CPROP-25-000080,CU00388,CPROP,2025-06-28,2026-06-28,761971,200000000,500000,Active,DIRECT,2025-06-28 02:00:00
P000081,NWM-PAUTO-25-000081,CU00196,PAUTO,2025-01-31,2026-01-31,125275,25000000,50000,active ,BROKER,2025-01-31 02:00:00
P000082,NWM-RENT-25-000082,CU00286,RENT,2025-06-20,2026-06-20,35385,2500000,25000,active ,BROKER,2025-06-20 02:00:00
P000083,NWM-PAUTO-25-000083,CU00119,PAUTO,2025-09-18,2026-09-18,158986,50000000,50000,active ,AGENT,2025-09-18 02:00:00
P000084,NWM-GLIAB-25-000084,CU00346,GLIAB,2025-07-13,2026-07-13,520808,200000000,0,Active,AGENT,2025-07-13 02:00:00
P000085,NWM-PAUTO-24-000085,CU00092,PAUTO,2024-12-09,2025-12-09,152040,10000000,50000,active ,AGENT,2024-12-09 02:00:00
P000086,NWM-PAUTO-25-000086,CU00297,PAUTO,2025-11-07,2026-11-07,171474,50000000,50000,Active,AGENT,2025-11-07 02:00:00
P000087,NWM-PAUTO-25-000087,CU00271,PAUTO,2025-02-27,2026-02-27,144951,50000000,50000,ACTIVE,DIRECT,2025-02-27 02:00:00
P000088,NWM-CPROP-25-000088,CU00380,CPROP,2025-09-16,2026-09-16,808272,100000000,500000,active ,AGENT,2025-09-16 02:00:00
P000089,NWM-HOME-25-000089,CU00212,HOME,2025-10-04,2026-10-04,158798,50000000,250000,active ,AGENT,2025-10-04 02:00:00
P000090,NWM-RENT-24-000090,CU00200,RENT,2024-12-28,2025-12-28,32435,5000000,25000,ACTIVE,BROKER,2024-12-28 02:00:00
P000091,NWM-PAUTO-25-000091,CU00051,PAUTO,2025-05-10,2026-05-10,172589,25000000,50000,active ,BROKER,2025-05-10 02:00:00
P000092,NWM-GLIAB-24-000092,CU00360,GLIAB,2024-04-15,2025-04-15,697828,200000000,0,active ,AGENT,2024-04-15 02:00:00
P000093,NWM-HOME-25-000093,CU00115,HOME,2025-04-11,2026-04-11,143203,50000000,250000,ACTIVE,BROKER,2025-04-11 02:00:00
P000094,NWM-RENT-24-000094,CU00212,RENT,2024-04-19,2025-04-19,21011,5000000,50000,ACTIVE,BROKER,2024-04-19 02:00:00
P000095,NWM-CPROP-24-000095,CU00328,CPROP,2024-06-29,2025-06-29,827085,100000000,1000000,ACTIVE,AGENT,2024-06-29 02:00:00
P000096,NWM-PAUTO-24-000096,CU00065,PAUTO,2024-05-22,2025-05-22,112658,25000000,100000,ACTIVE,AGENT,2024-05-22 02:00:00
P000097,NWM-HOME-24-000097,CU00020,HOME,2024-08-30,2025-08-30,203865,75000000,250000,active ,DIRECT,2024-08-30 02:00:00
P000098,NWM-PAUTO-24-000098,CU00121,PAUTO,2024-06-27,2025-06-27,156015,10000000,100000,Active,AGENT,2024-06-27 02:00:00
P000099,NWM-GLIAB-25-000099,CU00333,GLIAB,2025-03-18,2026-03-18,779212,200000000,250000,Active,BROKER,2025-03-18 02:00:00
P000100,NWM-HOME-25-000100,CU00018,HOME,2025-06-21,2026-06-21,132469,30000000,250000,ACTIVE,BROKER,2025-06-21 02:00:00
P000101,NWM-HOME-24-000101,CU00133,HOME,2024-05-27,2025-05-27,185601,75000000,100000,ACTIVE,AGENT,2024-05-27 02:00:00
P000102,NWM-RENT-24-000102,CU00072,RENT,2024-04-19,2025-04-19,28375,2500000,50000,ACTIVE,AGENT,2024-04-19 02:00:00
P000103,NWM-CPROP-24-000103,CU00375,CPROP,2024-04-18,2025-04-18,631384,100000000,500000,Active,BROKER,2024-04-18 02:00:00
P000104,NWM-RENT-24-000104,CU00090,RENT,2024-07-30,2025-07-30,21076,5000000,50000,active ,BROKER,2024-07-30 02:00:00
P000105,NWM-PAUTO-24-000105,CU00187,PAUTO,2024-06-01,2025-06-01,138147,50000000,50000,Active,AGENT,2024-06-01 02:00:00
P000106,NWM-PAUTO-25-000106,CU00122,PAUTO,2025-11-24,2026-11-24,174784,10000000,100000,active ,DIRECT,2025-11-24 02:00:00
P000107,NWM-GLIAB-24-000107,CU00379,GLIAB,2024-05-28,2025-05-28,497907,100000000,250000,active ,AGENT,2024-05-28 02:00:00
P000108,NWM-PAUTO-25-000108,CU00259,PAUTO,2025-08-10,2026-08-10,187730,10000000,50000,ACTIVE,DIRECT,2025-08-10 02:00:00
P000109,NWM-RENT-24-000109,CU00157,RENT,2024-08-11,2025-08-11,20789,2500000,25000,ACTIVE,BROKER,2024-08-11 02:00:00
P000110,NWM-HOME-25-000110,CU00105,HOME,2025-09-25,2026-09-25,131915,75000000,100000,ACTIVE,DIRECT,2025-09-25 02:00:00
P000111,NWM-HOME-24-000111,CU00273,HOME,2024-02-25,2025-02-25,135228,50000000,100000,active ,BROKER,2024-02-25 02:00:00
P000112,NWM-PAUTO-24-000112,CU00278,PAUTO,2024-05-31,2025-05-31,138248,50000000,50000,ACTIVE,DIRECT,2024-05-31 02:00:00
P000113,NWM-PAUTO-25-000113,CU00277,PAUTO,2025-07-29,2026-07-29,182594,25000000,50000,ACTIVE,BROKER,2025-07-29 02:00:00
P000114,NWM-PAUTO-25-000114,CU00202,PAUTO,2025-06-23,2026-06-23,144222,50000000,50000,ACTIVE,DIRECT,2025-06-23 02:00:00
P000115,NWM-HOME-25-000115,CU00196,HOME,2025-07-23,2026-07-23,173358,30000000,100000,Active,BROKER,2025-07-23 02:00:00
P000116,NWM-PAUTO-25-000116,CU00252,PAUTO,2025-10-17,2026-10-17,183721,50000000,100000,active ,BROKER,2025-10-17 02:00:00
P000117,NWM-GLIAB-24-000117,CU00328,GLIAB,2024-05-02,2025-05-02,554713,100000000,250000,ACTIVE,DIRECT,2024-05-02 02:00:00
P000118,NWM-RENT-25-000118,CU00040,RENT,2025-06-22,2026-06-22,43573,2500000,50000,ACTIVE,AGENT,2025-06-22 02:00:00
P000119,NWM-PAUTO-24-000119,CU00041,PAUTO,2024-05-01,2025-05-01,114815,10000000,50000,Active,BROKER,2024-05-01 02:00:00
P000120,NWM-PAUTO-25-000120,CU00143,PAUTO,2025-09-08,2026-09-08,113655,10000000,50000,active ,DIRECT,2025-09-08 02:00:00
P000121,NWM-CPROP-24-000121,CU00344,CPROP,2024-01-05,2025-01-05,741800,200000000,1000000,Active,BROKER,2024-01-05 02:00:00
P000122,NWM-PAUTO-24-000122,CU00228,PAUTO,2024-04-28,2025-04-28,127823,50000000,100000,ACTIVE,BROKER,2024-04-28 02:00:00
P000123,NWM-HOME-25-000123,CU00305,HOME,2025-08-27,2026-08-27,220394,50000000,100000,Active,AGENT,2025-08-27 02:00:00
P000124,NWM-HOME-24-000124,CU00028, home,2024-05-05,2025-05-05,145513,75000000,100000,ACTIVE,DIRECT,2024-05-05 02:00:00
P000125,NWM-HOME-25-000125,CU00061,HOME,2025-07-07,2026-07-07,274406,30000000,250000,Active,DIRECT,2025-07-07 02:00:00
P000126,NWM-HOME-25-000126,CU00194,HOME,2025-07-29,2026-07-29,244942,50000000,250000,active ,BROKER,2025-07-29 02:00:00
P000127,NWM-PAUTO-24-000127,CU00034,PAUTO,2024-09-07,2025-09-07,102931,50000000,50000,Active,AGENT,2024-09-07 02:00:00
P000128,NWM-RENT-25-000128,CU00320,RENT,2025-01-07,2026-01-07,22004,5000000,50000,active ,AGENT,2025-01-07 02:00:00
P000129,NWM-PAUTO-25-000129,CU00265,PAUTO,2025-06-11,2026-06-11,128618,10000000,50000,ACTIVE,BROKER,2025-06-11 02:00:00
P000130,NWM-CPROP-25-000130,CU00355,CPROP,2025-04-20,2026-04-20,462400,200000000,500000,ACTIVE,AGENT,2025-04-20 02:00:00
P000131,NWM-CPROP-24-000131,CU00332,CPROP,2024-05-23,2025-05-23,729670,100000000,1000000,ACTIVE,BROKER,2024-05-23 02:00:00
P000132,NWM-CPROP-24-000132,CU00325,CPROP,2024-05-28,2025-05-28,772636,200000000,500000,active ,BROKER,2024-05-28 02:00:00
P000133,NWM-HOME-24-000133,CU00121,HOME,2024-01-09,2025-01-09,240444,50000000,250000,Active,AGENT,2024-01-09 02:00:00
P000134,NWM-GLIAB-24-000134,CU00362,GLIAB,2024-04-12,2025-04-12,1078713,100000000,250000,Active,BROKER,2024-04-12 02:00:00
P000135,NWM-RENT-24-000135,CU00213,RENT,2024-09-23,2025-09-23,18430,5000000,50000,Active,AGENT,2024-09-23 02:00:00
P000136,NWM-PAUTO-24-000136,CU00231,PAUTO,2024-07-03,2025-07-03,133714,25000000,100000,ACTIVE,DIRECT,2024-07-03 02:00:00
P000137,NWM-CPROP-25-000137,CU00342,CPROP,2025-03-16,2026-03-16,1163974,200000000,1000000,Active,BROKER,2025-03-16 02:00:00
P000138,NWM-GLIAB-25-000138,CU00339,GLIAB,2025-05-21,2026-05-21,500710,200000000,250000,ACTIVE,DIRECT,2025-05-21 02:00:00
P000139,NWM-PAUTO-24-000139,CU00055,PAUTO,2024-10-18,2025-10-18,178597,25000000,100000,Active,AGENT,2024-10-18 02:00:00
P000140,NWM-PAUTO-24-000140,CU00123,PAUTO,2024-03-13,2025-03-13,147303,10000000,100000,Active,AGENT,2024-03-13 02:00:00
P000141,NWM-RENT-25-000141,CU00237,RENT,2025-08-05,2026-08-05,32017,2500000,25000,ACTIVE,AGENT,2025-08-05 02:00:00
P000142,NWM-PAUTO-24-000142,CU00055,PAUTO,2024-07-10,2025-07-10,122390,50000000,100000,Active,BROKER,2024-07-10 02:00:00
P000143,NWM-HOME-25-000143,CU00032,HOME,2025-06-09,2026-06-09,199030,75000000,250000,active ,AGENT,2025-06-09 02:00:00
P000144,NWM-PAUTO-24-000144,CU00301,PAUTO,2024-10-21,2025-10-21,168079,25000000,50000,active ,DIRECT,2024-10-21 02:00:00
P000145,NWM-RENT-24-000145,CU00052,RENT,2024-03-29,2025-03-29,28229,2500000,25000,Active,DIRECT,2024-03-29 02:00:00
P000146,NWM-RENT-25-000146,CU00071,RENT,2025-06-02,2026-06-02,25862,2500000,50000,ACTIVE,AGENT,2025-06-02 02:00:00
P000147,NWM-HOME-25-000147,CU00071,HOME,2025-11-11,2026-11-11,115653,75000000,250000,Active,DIRECT,2025-11-11 02:00:00
P000148,NWM-GLIAB-25-000148,CU00325,GLIAB,2025-03-29,2026-03-29,524368,100000000,250000,active ,BROKER,2025-03-29 02:00:00
P000149,NWM-HOME-25-000149,CU00208,HOME,2025-10-21,2026-10-21,136369,75000000,250000,ACTIVE,DIRECT,2025-10-21 02:00:00
P000150,NWM-RENT-24-000150,CU00057,RENT,2024-01-24,2025-01-24,27395,5000000,50000,active ,AGENT,2024-01-24 02:00:00
P000151,NWM-PAUTO-24-000151,CU00266,PAUTO,2024-05-13,2025-05-13,137449,25000000,100000,Active,DIRECT,2024-05-13 02:00:00
P000152,NWM-HOME-24-000152,CU00194,HOME,2024-02-15,2025-02-15,165696,75000000,250000,Active,BROKER,2024-02-15 02:00:00
P000153,NWM-RENT-25-000153,CU00159,RENT,2025-03-29,2026-03-29,34600,2500000,25000,active ,BROKER,2025-03-29 02:00:00
P000154,NWM-PAUTO-25-000154,CU00163,PAUTO,2025-08-26,2026-08-26,97365,25000000,50000,Active,DIRECT,2025-08-26 02:00:00
P000155,NWM-HOME-24-000155,CU00259,HOME,2024-11-23,2025-11-23,136436,30000000,250000,Active,AGENT,2024-11-23 02:00:00
P000156,NWM-GLIAB-24-000156,CU00380, gliab,2024-09-08,2025-09-08,699265,200000000,0,active ,DIRECT,2024-09-08 02:00:00
P000157,NWM-PAUTO-24-000157,CU00259,PAUTO,2024-05-05,2025-05-05,234444,25000000,100000,Active,BROKER,2024-05-05 02:00:00
P000158,NWM-PAUTO-24-000158,CU00276,PAUTO,2024-06-26,2025-06-26,98105,50000000,100000,ACTIVE,BROKER,2024-06-26 02:00:00
P000159,NWM-PAUTO-24-000159,CU00114,PAUTO,2024-01-10,2025-01-10,130927,50000000,100000,ACTIVE,DIRECT,2024-01-10 02:00:00
P000160,NWM-RENT-25-000160,CU00292,RENT,2025-08-01,2026-08-01,18545,2500000,25000,ACTIVE,BROKER,2025-08-01 02:00:00
P000161,NWM-GLIAB-24-000161,CU00387,GLIAB,2024-01-03,2025-01-03,947387,200000000,250000,Active,DIRECT,2024-01-03 02:00:00
P000162,NWM-CPROP-25-000162,CU00329,CPROP,2025-10-02,2026-10-02,925396,100000000,500000,ACTIVE,AGENT,2025-10-02 02:00:00
P000163,NWM-HOME-24-000163,CU00307,HOME,2024-10-28,2025-10-28,231317,75000000,250000,active ,BROKER,2024-10-28 02:00:00
P000164,NWM-RENT-25-000164,CU00300,RENT,2025-03-31,2026-03-31,22240,2500000,25000,Active,BROKER,2025-03-31 02:00:00
P000165,NWM-HOME-25-000165,CU00104,HOME,2025-07-26,2026-07-26,234896,30000000,100000,ACTIVE,DIRECT,2025-07-26 02:00:00
P000166,NWM-PAUTO-24-000166,CU00170,PAUTO,2024-01-04,2025-01-04,169973,25000000,50000,active ,DIRECT,2024-01-04 02:00:00
P000167,NWM-RENT-25-000167,CU00126,RENT,2025-06-23,2026-06-23,21019,5000000,50000,ACTIVE,BROKER,2025-06-23 02:00:00
P000168,NWM-HOME-24-000168,CU00199,HOME,2024-03-24,2025-03-24,322822,75000000,100000,active ,BROKER,2024-03-24 02:00:00
P000169,NWM-CPROP-24-000169,CU00366,CPROP,2024-09-17,2025-09-17,974093,100000000,1000000,ACTIVE,BROKER,2024-09-17 02:00:00
P000170,NWM-PAUTO-24-000170,CU00141,PAUTO,2024-02-09,2025-02-09,144210,50000000,100000,ACTIVE,BROKER,2024-02-09 02:00:00
P000171,NWM-PAUTO-24-000171,CU00215,PAUTO,2024-11-30,2025-11-30,181908,10000000,50000,Active,BROKER,2024-11-30 02:00:00
P000172,NWM-PAUTO-25-000172,CU00211,PAUTO,2025-10-05,2026-10-05,146965,10000000,50000,active ,AGENT,2025-10-05 02:00:00
P000173,NWM-PAUTO-24-000173,CU00205,PAUTO,2024-02-15,2025-02-15,137570,50000000,100000,ACTIVE,DIRECT,2024-02-15 02:00:00
P000174,NWM-CPROP-25-000174,CU00389,CPROP,2025-11-24,2026-11-24,798393,100000000,500000,ACTIVE,DIRECT,2025-11-24 02:00:00
P000175,NWM-GLIAB-25-000175,CU00346,GLIAB,2025-02-03,2026-02-03,787542,100000000,0,ACTIVE,DIRECT,2025-02-03 02:00:00
P000176,NWM-HOME-24-000176,CU00203,HOME,2024-11-30,2025-11-30,146817,75000000,100000,Active,AGENT,2024-11-30 02:00:00
P000177,NWM-PAUTO-24-000177,CU00163,PAUTO,2024-04-07,2025-04-07,181824,50000000,50000,active ,DIRECT,2024-04-07 02:00:00
P000178,NWM-PAUTO-24-000178,CU00163,PAUTO,2024-02-08,2025-02-08,93007,25000000,100000,active ,AGENT,2024-02-08 02:00:00
P000179,NWM-PAUTO-24-000179,CU00230,PAUTO,2024-07-21,2025-07-21,122585,10000000,100000,active ,AGENT,2024-07-21 02:00:00
P000180,NWM-HOME-25-000180,CU00241,HOME,2025-04-09,2026-04-09,145566,50000000,100000,ACTIVE,AGENT,2025-04-09 02:00:00
P000181,NWM-PAUTO-24-000181,CU00179,PAUTO,2024-05-07,2025-05-07,124952,10000000,100000,active ,BROKER,2024-05-07 02:00:00
P000182,NWM-RENT-24-000182,CU00048,RENT,2024-09-17,2025-09-17,20109,2500000,25000,active ,BROKER,2024-09-17 02:00:00
P000183,NWM-GLIAB-24-000183,CU00347,GLIAB,2024-04-01,2025-04-01,459437,200000000,0,active ,DIRECT,2024-04-01 02:00:00
P000184,NWM-PAUTO-25-000184,CU00057,PAUTO,2025-01-18,2026-01-18,119854,25000000,50000,Active,BROKER,2025-01-18 02:00:00
P000185,NWM-HOME-25-000185,CU00004,HOME,2025-08-22,2026-08-22,144316,30000000,100000,active ,BROKER,2025-08-22 02:00:00
P000186,NWM-GLIAB-25-000186,CU00364,GLIAB,2025-04-29,2026-04-29,898385,200000000,250000,Active,AGENT,2025-04-29 02:00:00
P000187,NWM-RENT-25-000187,CU00244,RENT,2025-06-27,2026-06-27,18984,2500000,50000,active ,DIRECT,2025-06-27 02:00:00
P000188,NWM-HOME-25-000188,CU00151,HOME,2025-09-19,2026-09-19,218419,50000000,100000,active ,AGENT,2025-09-19 02:00:00
P000189,NWM-PAUTO-25-000189,CU00124,PAUTO,2025-11-20,2026-11-20,122022,10000000,100000,ACTIVE,AGENT,2025-11-20 02:00:00
P000190,NWM-RENT-25-000190,CU00060,RENT,2025-01-25,2026-01-25,35348,5000000,25000,Active,AGENT,2025-01-25 02:00:00
P000191,NWM-RENT-24-000191,CU00234,RENT,2024-08-15,2025-08-15,32427,5000000,25000,ACTIVE,BROKER,2024-08-15 02:00:00
P000192,NWM-CPROP-25-000192,CU00375,CPROP,2025-10-28,2026-10-28,1050861,100000000,1000000,active ,AGENT,2025-10-28 02:00:00
P000193,NWM-RENT-25-000193,CU00306,RENT,2025-02-17,2026-02-17,22965,5000000,50000,ACTIVE,BROKER,2025-02-17 02:00:00
P000194,NWM-GLIAB-24-000194,CU00376,GLIAB,2024-08-18,2025-08-18,709800,100000000,0,Active,BROKER,2024-08-18 02:00:00
P000195,NWM-PAUTO-25-000195,CU00181,PAUTO,2025-06-30,2026-06-30,132395,50000000,100000,active ,BROKER,2025-06-30 02:00:00
P000196,NWM-RENT-24-000196,CU00084,RENT,2024-10-11,2025-10-11,17051,2500000,50000,Active,DIRECT,2024-10-11 02:00:00
P000197,NWM-HOME-25-000197,CU00088,HOME,2025-08-08,2026-08-08,255291,75000000,100000,Active,DIRECT,2025-08-08 02:00:00
P000198,NWM-HOME-24-000198,CU00182,HOME,2024-09-30,2025-09-30,136725,75000000,250000,Active,BROKER,2024-09-30 02:00:00
P000199,NWM-CPROP-25-000199,CU00388,CPROP,2025-06-24,2026-06-24,1031636,200000000,500000,ACTIVE,AGENT,2025-06-24 02:00:00
P000200,NWM-PAUTO-25-000200,CU00317,PAUTO,2025-10-08,2026-10-08,145383,25000000,50000,Active,AGENT,2025-10-08 02:00:00
P000201,NWM-PAUTO-24-000201,CU00187,PAUTO,2024-05-06,2025-05-06,163327,25000000,100000,Active,AGENT,2024-05-06 02:00:00
P000202,NWM-PAUTO-25-000202,CU00251,PAUTO,2025-11-13,2026-11-13,109258,50000000,100000,active ,DIRECT,2025-11-13 02:00:00
P000203,NWM-HOME-25-000203,CU00122,HOME,2025-02-02,2026-02-02,207808,50000000,100000,ACTIVE,BROKER,2025-02-02 02:00:00
P000204,NWM-RENT-25-000204,CU00303,RENT,2025-11-13,2026-11-13,30864,2500000,25000,active ,BROKER,2025-11-13 02:00:00
P000205,NWM-PAUTO-25-000205,CU00138,PAUTO,2025-10-10,2026-10-10,135350,25000000,50000,Active,DIRECT,2025-10-10 02:00:00
P000206,NWM-RENT-24-000206,CU00252,RENT,2024-11-25,2025-11-25,20576,2500000,50000,Active,DIRECT,2024-11-25 02:00:00
P000207,NWM-HOME-24-000207,CU00140,HOME,2024-03-17,2025-03-17,101237,50000000,250000,ACTIVE,AGENT,2024-03-17 02:00:00
P000208,NWM-GLIAB-24-000208,CU00354,GLIAB,2024-08-03,2025-08-03,690179,200000000,250000,active ,AGENT,2024-08-03 02:00:00
P000209,NWM-CPROP-25-000209,CU00355,CPROP,2025-01-26,2026-01-26,1228842,100000000,1000000,ACTIVE,BROKER,2025-01-26 02:00:00
P000210,NWM-PAUTO-24-000210,CU00037,PAUTO,2024-11-13,2025-11-13,117428,25000000,50000,Active,AGENT,2024-11-13 02:00:00
P000211,NWM-HOME-24-000211,CU00053,HOME,2024-09-30,2025-09-30,191580,30000000,100000,active ,DIRECT,2024-09-30 02:00:00
P000212,NWM-PAUTO-24-000212,CU00245,PAUTO,2024-06-01,2025-06-01,160974,10000000,100000,ACTIVE,AGENT,2024-06-01 02:00:00
P000213,NWM-HOME-25-000213,CU00283,HOME,2025-04-30,2026-04-30,134646,30000000,250000,Active,AGENT,2025-04-30 02:00:00
P000214,NWM-PAUTO-24-000214,CU00154,PAUTO,2024-03-19,2025-03-19,120178,25000000,50000,Active,DIRECT,2024-03-19 02:00:00
P000215,NWM-HOME-24-000215,CU00306,HOME,2024-12-09,2025-12-09,135770,75000000,100000,ACTIVE,DIRECT,2024-12-09 02:00:00
P000216,NWM-RENT-24-000216,CU00196, rent,2024-12-05,2025-12-05,22294,2500000,25000,Active,BROKER,2024-12-05 02:00:00
P000217,NWM-RENT-24-000217,CU00185,RENT,2024-06-13,2025-06-13,27147,5000000,25000,active ,DIRECT,2024-06-13 02:00:00
P000218,NWM-PAUTO-25-000218,CU00072,PAUTO,2025-04-16,2026-04-16,114957,25000000,100000,ACTIVE,BROKER,2025-04-16 02:00:00
P000219,NWM-HOME-25-000219,CU00082,HOME,2025-11-29,2026-11-29,218767,30000000,100000,active ,DIRECT,2025-11-29 02:00:00
P000220,NWM-HOME-25-000220,CU00204,HOME,2025-07-01,2026-07-01,248050,30000000,100000,Active,AGENT,2025-07-01 02:00:00
P000221,NWM-HOME-25-000221,CU00186,HOME,2025-10-17,2026-10-17,135417,75000000,250000,Active,DIRECT,2025-10-17 02:00:00
P000222,NWM-RENT-25-000222,CU00048,RENT,2025-03-05,2026-03-05,26850,5000000,25000,Active,DIRECT,2025-03-05 02:00:00
P000223,NWM-GLIAB-24-000223,CU00379,GLIAB,2024-07-22,2025-07-22,732149,200000000,0,ACTIVE,DIRECT,2024-07-22 02:00:00
P000224,NWM-HOME-24-000224,CU00296,HOME,2024-06-19,2025-06-19,190221,30000000,100000,ACTIVE,DIRECT,2024-06-19 02:00:00
P000225,NWM-CPROP-24-000225,CU00341,CPROP,2024-04-26,2025-04-26,1331875,200000000,500000,active ,DIRECT,2024-04-26 02:00:00
P000226,NWM-GLIAB-25-000226,CU00376,GLIAB,2025-02-28,2026-02-28,701713,200000000,250000,ACTIVE,BROKER,2025-02-28 02:00:00
P000227,NWM-CPROP-25-000227,CU00341,CPROP,2025-05-31,2026-05-31,645218,200000000,1000000,Active,AGENT,2025-05-31 02:00:00
P000228,NWM-PAUTO-24-000228,CU00141,PAUTO,2024-09-08,2025-09-08,231552,25000000,100000,ACTIVE,AGENT,2024-09-08 02:00:00
P000229,NWM-PAUTO-24-000229,CU00161,PAUTO,2024-03-16,2025-03-16,137854,10000000,100000,active ,DIRECT,2024-03-16 02:00:00
P000230,NWM-GLIAB-24-000230,CU00360,GLIAB,2024-09-13,2025-09-13,434367,200000000,250000,ACTIVE,AGENT,2024-09-13 02:00:00
P000231,NWM-HOME-25-000231,CU00059,HOME,2025-08-23,2026-08-23,163254,75000000,250000,ACTIVE,DIRECT,2025-08-23 02:00:00
P000232,NWM-RENT-24-000232,CU00198,RENT,2024-12-02,2025-12-02,19576,5000000,25000,Active,BROKER,2024-12-02 02:00:00
P000233,NWM-RENT-24-000233,CU00207,RENT,2024-08-30,2025-08-30,27220,2500000,50000,ACTIVE,BROKER,2024-08-30 02:00:00
P000234,NWM-PAUTO-24-000234,CU00202,PAUTO,2024-12-20,2025-12-20,127139,25000000,100000,Active,BROKER,2024-12-20 02:00:00
P000235,NWM-RENT-25-000235,CU00023,RENT,2025-01-12,2026-01-12,34859,2500000,25000,ACTIVE,AGENT,2025-01-12 02:00:00
P000236,NWM-CPROP-25-000236,CU00356,CPROP,2025-02-27,2026-02-27,1133926,100000000,1000000,Active,BROKER,2025-02-27 02:00:00
P000237,NWM-PAUTO-24-000237,CU00055,PAUTO,2024-11-10,2025-11-10,221335,10000000,50000,active ,AGENT,2024-11-10 02:00:00
P000238,NWM-PAUTO-24-000238,CU00128,PAUTO,2024-10-09,2025-10-09,143550,25000000,50000,ACTIVE,AGENT,2024-10-09 02:00:00
P000239,NWM-GLIAB-25-000239,CU00329,GLIAB,2025-09-29,2026-09-29,670312,100000000,0,ACTIVE,AGENT,2025-09-29 02:00:00
P000240,NWM-HOME-25-000240,CU00009,HOME,2025-04-30,2026-04-30,192994,30000000,250000,active ,BROKER,2025-04-30 02:00:00
P000241,NWM-HOME-25-000241,CU00306,HOME,2025-01-08,2026-01-08,162431,50000000,250000,Active,AGENT,2025-01-08 02:00:00
P000242,NWM-PAUTO-24-000242,CU00151,PAUTO,2024-10-23,2025-10-23,163991,25000000,100000,ACTIVE,DIRECT,2024-10-23 02:00:00
P000243,NWM-RENT-25-000243,CU00184,RENT,2025-07-12,2026-07-12,30462,5000000,50000,Active,DIRECT,2025-07-12 02:00:00
P000244,NWM-PAUTO-24-000244,CU00202,PAUTO,2024-09-05,2025-09-05,147909,50000000,100000,ACTIVE,DIRECT,2024-09-05 02:00:00
P000245,NWM-HOME-25-000245,CU00254,HOME,2025-06-07,2026-06-07,200610,30000000,100000,ACTIVE,AGENT,2025-06-07 02:00:00
P000246,NWM-PAUTO-24-000246,CU00259, pauto,2024-05-03,2025-05-03,141590,10000000,100000,Active,DIRECT,2024-05-03 02:00:00
P000247,NWM-PAUTO-25-000247,CU00055,PAUTO,2025-11-14,2026-11-14,92250,25000000,100000,Active,DIRECT,2025-11-14 02:00:00
P000248,NWM-HOME-24-000248,CU00182,HOME,2024-02-04,2025-02-04,322400,75000000,250000,ACTIVE,DIRECT,2024-02-04 02:00:00
P000249,NWM-CPROP-24-000249,CU00382,CPROP,2024-05-23,2025-05-23,636512,200000000,1000000,Active,DIRECT,2024-05-23 02:00:00
P000250,NWM-RENT-25-000250,CU00090,RENT,2025-05-26,2026-05-26,37106,2500000,25000,active ,DIRECT,2025-05-26 02:00:00
P000251,NWM-PAUTO-24-000251,CU00243,PAUTO,2024-07-08,2025-07-08,172283,10000000,50000,active ,DIRECT,2024-07-08 02:00:00
P000252,NWM-GLIAB-24-000252,CU00390,GLIAB,2024-06-10,2025-06-10,847458,200000000,250000,active ,AGENT,2024-06-10 02:00:00
P000253,NWM-HOME-25-000253,CU00139,HOME,2025-07-31,2026-07-31,200651,30000000,250000,active ,AGENT,2025-07-31 02:00:00
P000254,NWM-HOME-25-000254,CU00030,HOME,2025-09-22,2026-09-22,249700,30000000,250000,ACTIVE,AGENT,2025-09-22 02:00:00
P000255,NWM-HOME-24-000255,CU00067,HOME,2024-10-16,2025-10-16,133226,75000000,100000,active ,DIRECT,2024-10-16 02:00:00
P000256,NWM-PAUTO-24-000256,CU00313,PAUTO,2024-10-11,2025-10-11,147782,10000000,50000,Active,DIRECT,2024-10-11 02:00:00
P000257,NWM-GLIAB-25-000257,CU00353,GLIAB,2025-07-09,2026-07-09,554427,100000000,250000,active ,BROKER,2025-07-09 02:00:00
P000258,NWM-GLIAB-24-000258,CU00356,GLIAB,2024-10-10,2025-10-10,993989,100000000,250000,Active,DIRECT,2024-10-10 02:00:00
P000259,NWM-HOME-24-000259,CU00213,HOME,2024-04-25,2025-04-25,181120,50000000,250000,ACTIVE,BROKER,2024-04-25 02:00:00
P000260,NWM-PAUTO-24-000260,CU00194,PAUTO,2024-08-04,2025-08-04,183404,50000000,100000,active ,AGENT,2024-08-04 02:00:00
P000261,NWM-RENT-25-000261,CU00126,RENT,2025-09-11,2026-09-11,15134,2500000,25000,Active,BROKER,2025-09-11 02:00:00
P000262,NWM-GLIAB-25-000262,CU00322,GLIAB,2025-08-12,2026-08-12,665882,100000000,0,ACTIVE,AGENT,2025-08-12 02:00:00
P000263,NWM-PAUTO-24-000263,CU00061,PAUTO,2024-03-15,2025-03-15,126108,50000000,50000,Active,DIRECT,2024-03-15 02:00:00
P000264,NWM-CPROP-25-000264,CU00335,CPROP,2025-01-13,2026-01-13,1064634,100000000,1000000,active ,BROKER,2025-01-13 02:00:00
P000265,NWM-HOME-25-000265,CU00020,HOME,2025-06-09,2026-06-09,194935,75000000,250000,Active,AGENT,2025-06-09 02:00:00
P000266,NWM-HOME-24-000266,CU00255,HOME,2024-08-13,2025-08-13,199168,30000000,250000,Active,AGENT,2024-08-13 02:00:00
P000267,NWM-RENT-24-000267,CU00150,RENT,2024-08-28,2025-08-28,29155,2500000,50000,active ,DIRECT,2024-08-28 02:00:00
P000268,NWM-RENT-24-000268,CU00057,RENT,2024-02-16,2025-02-16,22622,2500000,25000,active ,BROKER,2024-02-16 02:00:00
P000269,NWM-HOME-25-000269,CU00270,HOME,2025-02-27,2026-02-27,113929,30000000,100000,ACTIVE,BROKER,2025-02-27 02:00:00
P000270,NWM-PAUTO-25-000270,CU00311,PAUTO,2025-07-08,2026-07-08,147625,50000000,100000,Active,DIRECT,2025-07-08 02:00:00
P000271,NWM-PAUTO-25-000271,CU00255,PAUTO,2025-02-20,2026-02-20,147271,50000000,50000,active ,DIRECT,2025-02-20 02:00:00
P000272,NWM-HOME-24-000272,CU00316,HOME,2024-07-31,2025-07-31,244605,30000000,100000,Active,BROKER,2024-07-31 02:00:00
P000273,NWM-GLIAB-24-000273,CU00374,GLIAB,2024-02-09,2025-02-09,943512,200000000,0,Active,AGENT,2024-02-09 02:00:00
P000274,NWM-HOME-25-000274,CU00310,HOME,2025-01-29,2026-01-29,206457,75000000,250000,ACTIVE,AGENT,2025-01-29 02:00:00
P000275,NWM-PAUTO-25-000275,CU00030,PAUTO,2025-10-24,2026-10-24,116335,10000000,100000,active ,AGENT,2025-10-24 02:00:00
P000276,NWM-GLIAB-25-000276,CU00336,GLIAB,2025-07-12,2026-07-12,386938,100000000,0,ACTIVE,DIRECT,2025-07-12 02:00:00
P000277,NWM-RENT-24-000277,CU00207,RENT,2024-12-06,2025-12-06,19833,5000000,25000,Active,BROKER,2024-12-06 02:00:00
P000278,NWM-PAUTO-25-000278,CU00047,PAUTO,2025-04-22,2026-04-22,154148,50000000,100000,ACTIVE,BROKER,2025-04-22 02:00:00
P000279,NWM-PAUTO-24-000279,CU00097,PAUTO,2024-10-20,2025-10-20,119222,25000000,100000,Active,AGENT,2024-10-20 02:00:00
P000280,NWM-HOME-25-000280,CU00108,HOME,2025-05-30,2026-05-30,196199,50000000,100000,Active,AGENT,2025-05-30 02:00:00
P000281,NWM-HOME-25-000281,CU00005,HOME,2025-11-05,2026-11-05,187203,75000000,100000,ACTIVE,DIRECT,2025-11-05 02:00:00
P000282,NWM-PAUTO-25-000282,CU00243,PAUTO,2025-07-13,2026-07-13,178686,50000000,100000,ACTIVE,DIRECT,2025-07-13 02:00:00
P000283,NWM-HOME-25-000283,CU00126,HOME,2025-11-05,2026-11-05,164068,30000000,100000,ACTIVE,BROKER,2025-11-05 02:00:00
P000284,NWM-HOME-25-000284,CU00050,HOME,2025-02-07,2026-02-07,276245,75000000,100000,Active,AGENT,2025-02-07 02:00:00
P000285,NWM-CPROP-24-000285,CU00376,CPROP,2024-03-20,2025-03-20,1021369,100000000,500000,ACTIVE,DIRECT,2024-03-20 02:00:00
P000286,NWM-HOME-25-000286,CU00060,HOME,2025-04-10,2026-04-10,204250,30000000,250000,active ,DIRECT,2025-04-10 02:00:00
P000287,NWM-GLIAB-25-000287,CU00357,GLIAB,2025-08-27,2026-08-27,548943,200000000,250000,ACTIVE,AGENT,2025-08-27 02:00:00
P000288,NWM-PAUTO-24-000288,CU00019,PAUTO,2024-09-30,2025-09-30,113000,10000000,100000,active ,AGENT,2024-09-30 02:00:00
P000289,NWM-PAUTO-25-000289,CU00155,PAUTO,2025-09-15,2026-09-15,182497,50000000,50000,Active,DIRECT,2025-09-15 02:00:00
P000290,NWM-CPROP-24-000290,CU00344,CPROP,2024-02-20,2025-02-20,857593,200000000,1000000,Active,BROKER,2024-02-20 02:00:00
P000291,NWM-PAUTO-24-000291,CU00305,PAUTO,2024-03-06,2025-03-06,166897,50000000,100000,Active,BROKER,2024-03-06 02:00:00
P000292,NWM-PAUTO-24-000292,CU00290,PAUTO,2024-11-18,2025-11-18,134638,10000000,50000,Active,DIRECT,2024-11-18 02:00:00
P000293,NWM-GLIAB-25-000293,CU00348,GLIAB,2025-08-07,2026-08-07,348418,200000000,250000,Active,BROKER,2025-08-07 02:00:00
P000294,NWM-GLIAB-24-000294,CU00363,GLIAB,2024-06-09,2025-06-09,848245,200000000,0,Active,BROKER,2024-06-09 02:00:00
P000295,NWM-PAUTO-25-000295,CU00031,PAUTO,2025-07-04,2026-07-04,160303,10000000,100000,Active,DIRECT,2025-07-04 02:00:00
P000296,NWM-CPROP-25-000296,CU00364,CPROP,2025-08-16,2026-08-16,1073741,100000000,1000000,ACTIVE,AGENT,2025-08-16 02:00:00
P000297,NWM-PAUTO-24-000297,CU00305,PAUTO,2024-10-29,2025-10-29,158043,25000000,100000,ACTIVE,AGENT,2024-10-29 02:00:00
P000298,NWM-PAUTO-24-000298,CU00183,PAUTO,2024-08-17,2025-08-17,95410,50000000,50000,Active,DIRECT,2024-08-17 02:00:00
P000299,NWM-PAUTO-25-000299,CU00005,PAUTO,2025-05-04,2026-05-04,105430,10000000,100000,active ,DIRECT,2025-05-04 02:00:00
P000300,NWM-HOME-24-000300,CU00273,HOME,2024-06-29,2025-06-29,156136,50000000,250000,ACTIVE,DIRECT,2024-06-29 02:00:00
P000301,NWM-PAUTO-24-000301,CU00154,PAUTO,2024-08-25,2025-08-25,109374,25000000,100000,active ,AGENT,2024-08-25 02:00:00
P000302,NWM-HOME-24-000302,CU00317,HOME,2024-11-25,2025-11-25,171162,75000000,100000,active ,DIRECT,2024-11-25 02:00:00
P000303,NWM-CPROP-24-000303,CU00378,CPROP,2024-03-10,2025-03-10,1611844,200000000,1000000,active ,AGENT,2024-03-10 02:00:00
P000304,NWM-HOME-24-000304,CU00039,HOME,2024-11-30,2025-11-30,229961,75000000,250000,active ,AGENT,2024-11-30 02:00:00
P000305,NWM-PAUTO-24-000305,CU00102,PAUTO,2024-08-10,2025-08-10,169624,10000000,100000,ACTIVE,DIRECT,2024-08-10 02:00:00
P000306,NWM-HOME-25-000306,CU00216, home,2025-05-04,2026-05-04,159935,50000000,100000,Active,AGENT,2025-05-04 02:00:00
P000307,NWM-PAUTO-25-000307,CU00108,PAUTO,2025-08-01,2026-08-01,104649,10000000,50000,active ,BROKER,2025-08-01 02:00:00
P000308,NWM-PAUTO-25-000308,CU00014, pauto,2025-02-17,2026-02-17,252678,25000000,100000,Active,AGENT,2025-02-17 02:00:00
P000309,NWM-PAUTO-24-000309,CU00309,PAUTO,2024-08-16,2025-08-16,101962,25000000,100000,active ,AGENT,2024-08-16 02:00:00
P000310,NWM-CPROP-24-000310,CU00345,CPROP,2024-08-31,2025-08-31,766943,200000000,1000000,active ,BROKER,2024-08-31 02:00:00
P000311,NWM-HOME-25-000311,CU00102,HOME,2025-02-11,2026-02-11,180983,75000000,100000,active ,BROKER,2025-02-11 02:00:00
P000312,NWM-GLIAB-24-000312,CU00352,GLIAB,2024-09-05,2025-09-05,643292,200000000,250000,Active,AGENT,2024-09-05 02:00:00
P000313,NWM-GLIAB-24-000313,CU00334,GLIAB,2024-03-26,2025-03-26,669901,100000000,250000,active ,DIRECT,2024-03-26 02:00:00
P000314,NWM-RENT-24-000314,CU00089,RENT,2024-06-13,2025-06-13,15094,5000000,50000,Active,AGENT,2024-06-13 02:00:00
P000315,NWM-PAUTO-24-000315,CU00276,PAUTO,2024-01-17,2025-01-17,93987,50000000,100000,ACTIVE,DIRECT,2024-01-17 02:00:00
P000316,NWM-HOME-25-000316,CU00043,HOME,2025-02-10,2026-02-10,139344,75000000,250000,Active,AGENT,2025-02-10 02:00:00
P000317,NWM-RENT-24-000317,CU00213,RENT,2024-08-09,2025-08-09,20943,2500000,50000,active ,BROKER,2024-08-09 02:00:00
P000318,NWM-HOME-25-000318,CU00182,HOME,2025-07-26,2026-07-26,334200,50000000,100000,ACTIVE,BROKER,2025-07-26 02:00:00
P000319,NWM-HOME-25-000319,CU00028,HOME,2025-06-04,2026-06-04,189856,50000000,100000,active ,DIRECT,2025-06-04 02:00:00
P000320,NWM-GLIAB-25-000320,CU00368,GLIAB,2025-06-25,2026-06-25,498468,200000000,0,ACTIVE,AGENT,2025-06-25 02:00:00
P000321,NWM-RENT-25-000321,CU00309,RENT,2025-07-04,2026-07-04,31488,2500000,25000,ACTIVE,BROKER,2025-07-04 02:00:00
P000322,NWM-HOME-24-000322,CU00246,HOME,2024-09-02,2025-09-02,265258,50000000,100000,active ,BROKER,2024-09-02 02:00:00
P000323,NWM-RENT-25-000323,CU00288,RENT,2025-02-17,2026-02-17,25224,2500000,50000,Active,BROKER,2025-02-17 02:00:00
P000324,NWM-GLIAB-24-000324,CU00326,GLIAB,2024-02-23,2025-02-23,1055445,200000000,0,ACTIVE,AGENT,2024-02-23 02:00:00
P000325,NWM-RENT-25-000325,CU00203,RENT,2025-02-11,2026-02-11,22846,5000000,25000,ACTIVE,AGENT,2025-02-11 02:00:00
P000326,NWM-PAUTO-25-000326,CU00163,PAUTO,2025-09-03,2026-09-03,197161,50000000,50000,ACTIVE,BROKER,2025-09-03 02:00:00
P000327,NWM-PAUTO-25-000327,CU00074,PAUTO,2025-11-04,2026-11-04,118956,50000000,100000,active ,DIRECT,2025-11-04 02:00:00
P000328,NWM-PAUTO-24-000328,CU00019,PAUTO,2024-02-29,2025-02-28,250463,10000000,50000,active ,BROKER,2024-02-29 02:00:00
P000329,NWM-RENT-25-000329,CU00211,RENT,2025-02-01,2026-02-01,24540,5000000,25000,active ,BROKER,2025-02-01 02:00:00
P000330,NWM-HOME-24-000330,CU00281,HOME,2024-09-08,2025-09-08,154921,30000000,250000,Active,DIRECT,2024-09-08 02:00:00
P000331,NWM-PAUTO-25-000331,CU00295,PAUTO,2025-03-29,2026-03-29,144975,50000000,50000,ACTIVE,AGENT,2025-03-29 02:00:00
P000332,NWM-PAUTO-24-000332,CU00110,PAUTO,2024-02-24,2025-02-24,129313,25000000,50000,Active,AGENT,2024-02-24 02:00:00
P000333,NWM-GLIAB-24-000333,CU00337,GLIAB,2024-12-11,2025-12-11,835204,100000000,250000,active ,AGENT,2024-12-11 02:00:00
P000334,NWM-RENT-24-000334,CU00044,RENT,2024-05-15,2025-05-15,27168,5000000,25000,active ,DIRECT,2024-05-15 02:00:00
P000335,NWM-GLIAB-24-000335,CU00334,GLIAB,2024-03-13,2025-03-13,458408,200000000,250000,active ,AGENT,2024-03-13 02:00:00
P000336,NWM-PAUTO-24-000336,CU00165,PAUTO,2024-01-07,2025-01-07,145700,10000000,50000,ACTIVE,AGENT,2024-01-07 02:00:00
P000337,NWM-CPROP-25-000337,CU00361,CPROP,2025-04-01,2026-04-01,618735,200000000,500000,Active,DIRECT,2025-04-01 02:00:00
P000338,NWM-GLIAB-25-000338,CU00370,GLIAB,2025-02-16,2026-02-16,582593,200000000,0,Active,AGENT,2025-02-16 02:00:00
P000339,NWM-PAUTO-24-000339,CU00250,PAUTO,2024-07-21,2025-07-21,99894,25000000,100000,active ,BROKER,2024-07-21 02:00:00
P000340,NWM-GLIAB-25-000340,CU00388,GLIAB,2025-10-08,2026-10-08,457543,200000000,0,Active,DIRECT,2025-10-08 02:00:00
P000341,NWM-HOME-25-000341,CU00296,HOME,2025-03-03,2026-03-03,288446,50000000,250000,Active,BROKER,2025-03-03 02:00:00
P000342,NWM-HOME-24-000342,CU00187,HOME,2024-09-29,2025-09-29,132778,30000000,250000,ACTIVE,DIRECT,2024-09-29 02:00:00
P000343,NWM-HOME-24-000343,CU00166,HOME,2024-05-25,2025-05-25,135571,75000000,100000,Active,AGENT,2024-05-25 02:00:00
P000344,NWM-RENT-24-000344,CU00071,RENT,2024-08-18,2025-08-18,25752,2500000,25000,active ,DIRECT,2024-08-18 02:00:00
P000345,NWM-GLIAB-25-000345,CU00353,GLIAB,2025-09-29,2026-09-29,550500,200000000,0,Active,AGENT,2025-09-29 02:00:00
P000346,NWM-GLIAB-24-000346,CU00359,GLIAB,2024-07-29,2025-07-29,504149,200000000,0,Active,DIRECT,2024-07-29 02:00:00
P000347,NWM-CPROP-25-000347,CU00336,CPROP,2025-01-16,2026-01-16,695312,100000000,1000000,Active,AGENT,2025-01-16 02:00:00
P000348,NWM-HOME-25-000348,CU00246,HOME,2025-04-21,2026-04-21,186307,30000000,250000,ACTIVE,DIRECT,2025-04-21 02:00:00
P000349,NWM-CPROP-25-000349,CU00365,CPROP,2025-07-11,2026-07-11,622803,200000000,500000,Active,AGENT,2025-07-11 02:00:00
P000350,NWM-GLIAB-24-000350,CU00378,GLIAB,2024-03-29,2025-03-29,994566,200000000,250000,active ,BROKER,2024-03-29 02:00:00
P000351,NWM-RENT-24-000351,CU00220,RENT,2024-01-11,2025-01-11,29351,5000000,50000,active ,BROKER,2024-01-11 02:00:00
P000352,NWM-HOME-24-000352,CU00023,HOME,2024-01-06,2025-01-06,148973,75000000,100000,Active,AGENT,2024-01-06 02:00:00
P000353,NWM-PAUTO-25-000353,CU00184,PAUTO,2025-03-22,2026-03-22,146082,10000000,50000,Active,DIRECT,2025-03-22 02:00:00
P000354,NWM-PAUTO-25-000354,CU00192,PAUTO,2025-03-18,2026-03-18,104914,25000000,50000,Active,DIRECT,2025-03-18 02:00:00
P000355,NWM-HOME-25-000355,CU00047,HOME,2025-08-26,2026-08-26,205626,75000000,100000,active ,DIRECT,2025-08-26 02:00:00
P000356,NWM-PAUTO-24-000356,CU00172,PAUTO,2024-11-27,2025-11-27,209363,25000000,100000,active ,BROKER,2024-11-27 02:00:00
P000357,NWM-GLIAB-25-000357,CU00375,GLIAB,2025-08-20,2026-08-20,901298,200000000,0,active ,DIRECT,2025-08-20 02:00:00
P000358,NWM-CPROP-24-000358,CU00375,CPROP,2024-10-11,2025-10-11,661321,100000000,500000,ACTIVE,AGENT,2024-10-11 02:00:00
P000359,NWM-PAUTO-24-000359,CU00119,PAUTO,2024-09-01,2025-09-01,159431,50000000,100000,ACTIVE,AGENT,2024-09-01 02:00:00
P000360,NWM-HOME-25-000360,CU00194,HOME,2025-03-28,2026-03-28,193608,75000000,100000,ACTIVE,DIRECT,2025-03-28 02:00:00
P000361,NWM-HOME-25-000361,CU00134,HOME,2025-03-10,2026-03-10,142116,30000000,250000,Active,AGENT,2025-03-10 02:00:00
P000362,NWM-GLIAB-24-000362,CU00343,GLIAB,2024-08-29,2025-08-29,713217,100000000,250000,active ,AGENT,2024-08-29 02:00:00
P000363,NWM-HOME-24-000363,CU00233,HOME,2024-05-15,2025-05-15,135626,50000000,250000,ACTIVE,BROKER,2024-05-15 02:00:00
P000364,NWM-HOME-24-000364,CU00072,HOME,2024-01-17,2025-01-17,104650,30000000,250000,active ,DIRECT,2024-01-17 02:00:00
P000365,NWM-PAUTO-24-000365,CU00264,PAUTO,2024-02-22,2025-02-22,191217,25000000,100000,ACTIVE,BROKER,2024-02-22 02:00:00
P000366,NWM-HOME-24-000366,CU00078,HOME,2024-02-12,2025-02-12,137317,30000000,250000,Active,BROKER,2024-02-12 02:00:00
P000367,NWM-GLIAB-25-000367,CU00349,GLIAB,2025-02-18,2026-02-18,424439,200000000,0,ACTIVE,AGENT,2025-02-18 02:00:00
P000368,NWM-GLIAB-25-000368,CU00363,GLIAB,2025-03-22,2026-03-22,633359,200000000,250000,Active,AGENT,2025-03-22 02:00:00
P000369,NWM-HOME-25-000369,CU00091, home,2025-05-19,2026-05-19,272884,30000000,100000,ACTIVE,AGENT,2025-05-19 02:00:00
P000370,NWM-PAUTO-25-000370,CU00237,PAUTO,2025-08-30,2026-08-30,80912,10000000,100000,active ,DIRECT,2025-08-30 02:00:00
P000371,NWM-PAUTO-25-000371,CU00237,PAUTO,2025-02-14,2026-02-14,84391,25000000,100000,ACTIVE,BROKER,2025-02-14 02:00:00
P000372,NWM-PAUTO-24-000372,CU00104,PAUTO,2024-02-13,2025-02-13,173898,50000000,100000,active ,AGENT,2024-02-13 02:00:00
P000373,NWM-HOME-25-000373,CU00303,HOME,2025-06-25,2026-06-25,196004,75000000,100000,active ,DIRECT,2025-06-25 02:00:00
P000374,NWM-CPROP-25-000374,CU00348,CPROP,2025-10-17,2026-10-17,1621215,100000000,1000000,active ,BROKER,2025-10-17 02:00:00
P000375,NWM-PAUTO-25-000375,CU00246,PAUTO,2025-11-02,2026-11-02,93077,10000000,100000,ACTIVE,AGENT,2025-11-02 02:00:00
P000376,NWM-PAUTO-24-000376,CU00318,PAUTO,2024-06-29,2025-06-29,131937,25000000,50000,ACTIVE,AGENT,2024-06-29 02:00:00
P000377,NWM-GLIAB-24-000377,CU00338,GLIAB,2024-11-15,2025-11-15,926945,200000000,250000,ACTIVE,AGENT,2024-11-15 02:00:00
P000378,NWM-CPROP-24-000378,CU00336,CPROP,2024-10-26,2025-10-26,849204,200000000,1000000,active ,DIRECT,2024-10-26 02:00:00
P000379,NWM-PAUTO-25-000379,CU00144,PAUTO,2025-04-14,2026-04-14,141843,10000000,100000,ACTIVE,DIRECT,2025-04-14 02:00:00
P000380,NWM-HOME-25-000380,CU00190,HOME,2025-03-24,2026-03-24,144229,30000000,100000,active ,DIRECT,2025-03-24 02:00:00
P000381,NWM-HOME-25-000381,CU00002,HOME,2025-09-20,2026-09-20,274590,30000000,250000,ACTIVE,AGENT,2025-09-20 02:00:00
P000382,NWM-CPROP-25-000382,CU00352,CPROP,2025-09-08,2026-09-08,992228,200000000,1000000,Active,AGENT,2025-09-08 02:00:00
P000383,NWM-RENT-24-000383,CU00212,RENT,2024-04-15,2025-04-15,26856,5000000,25000,active ,BROKER,2024-04-15 02:00:00
P000384,NWM-GLIAB-24-000384,CU00321,GLIAB,2024-11-02,2025-11-02,875479,100000000,0,ACTIVE,DIRECT,2024-11-02 02:00:00
P000385,NWM-PAUTO-24-000385,CU00106,PAUTO,2024-09-24,2025-09-24,128801,10000000,50000,ACTIVE,AGENT,2024-09-24 02:00:00
P000386,NWM-RENT-24-000386,CU00300,RENT,2024-01-25,2025-01-25,45611,2500000,50000,ACTIVE,AGENT,2024-01-25 02:00:00
P000387,NWM-PAUTO-25-000387,CU00077,PAUTO,2025-06-12,2026-06-12,124981,25000000,50000,Active,BROKER,2025-06-12 02:00:00
P000388,NWM-RENT-24-000388,CU00138,RENT,2024-01-18,2025-01-18,44068,2500000,25000,ACTIVE,AGENT,2024-01-18 02:00:00
P000389,NWM-RENT-24-000389,CU00034,RENT,2024-07-11,2025-07-11,26339,5000000,25000,ACTIVE,BROKER,2024-07-11 02:00:00
P000390,NWM-PAUTO-24-000390,CU00192,PAUTO,2024-09-14,2025-09-14,170139,50000000,100000,Active,AGENT,2024-09-14 02:00:00
P000391,NWM-PAUTO-24-000391,CU00069,PAUTO,2024-09-04,2025-09-04,146914,10000000,100000,Active,BROKER,2024-09-04 02:00:00
P000392,NWM-HOME-24-000392,CU00018,HOME,2024-05-17,2025-05-17,169486,30000000,100000,active ,AGENT,2024-05-17 02:00:00
P000393,NWM-CPROP-24-000393,CU00388,CPROP,2024-01-31,2025-01-31,1004204,200000000,500000,ACTIVE,AGENT,2024-01-31 02:00:00
P000394,NWM-GLIAB-24-000394,CU00358,GLIAB,2024-03-19,2025-03-19,623253,100000000,250000,ACTIVE,AGENT,2024-03-19 02:00:00
P000395,NWM-HOME-25-000395,CU00203,HOME,2025-02-21,2026-02-21,169797,50000000,100000,Active,DIRECT,2025-02-21 02:00:00
P000396,NWM-RENT-24-000396,CU00109,RENT,2024-01-28,2025-01-28,22272,2500000,50000,ACTIVE,AGENT,2024-01-28 02:00:00
P000397,NWM-PAUTO-24-000397,CU00230,PAUTO,2024-02-11,2025-02-11,110488,50000000,50000,ACTIVE,DIRECT,2024-02-11 02:00:00
P000398,NWM-PAUTO-25-000398,CU00294,PAUTO,2025-08-10,2026-08-10,146094,50000000,100000,Active,BROKER,2025-08-10 02:00:00
P000399,NWM-RENT-25-000399,CU00257, rent,2025-08-05,2026-08-05,22128,2500000,50000,Active,BROKER,2025-08-05 02:00:00
P000400,NWM-PAUTO-24-000400,CU00012,PAUTO,2024-05-24,2025-05-24,172340,50000000,50000,active ,DIRECT,2024-05-24 02:00:00
P000401,NWM-PAUTO-24-000401,CU00209,PAUTO,2024-10-27,2025-10-27,148671,50000000,100000,ACTIVE,BROKER,2024-10-27 02:00:00
P000402,NWM-HOME-25-000402,CU00252,HOME,2025-06-09,2026-06-09,151277,30000000,100000,active ,BROKER,2025-06-09 02:00:00
P000403,NWM-RENT-24-000403,CU00091,RENT,2024-08-27,2025-08-27,13591,2500000,25000,active ,BROKER,2024-08-27 02:00:00
P000404,NWM-CPROP-25-000404,CU00321,CPROP,2025-05-23,2026-05-23,785331,100000000,500000,Active,BROKER,2025-05-23 02:00:00
P000405,NWM-PAUTO-25-000405,CU00204,PAUTO,2025-10-28,2026-10-28,161083,50000000,50000,Active,BROKER,2025-10-28 02:00:00
P000406,NWM-HOME-25-000406,CU00150,HOME,2025-07-13,2026-07-13,162529,75000000,250000,active ,AGENT,2025-07-13 02:00:00
P000407,NWM-CPROP-24-000407,CU00390,CPROP,2024-02-06,2025-02-06,1103670,200000000,500000,Active,DIRECT,2024-02-06 02:00:00
P000408,NWM-PAUTO-25-000408,CU00176,PAUTO,2025-11-20,2026-11-20,111976,50000000,50000,Active,DIRECT,2025-11-20 02:00:00
P000409,NWM-HOME-25-000409,CU00295,HOME,2025-09-18,2026-09-18,141018,75000000,100000,Active,DIRECT,2025-09-18 02:00:00
P000410,NWM-HOME-24-000410,CU00176,HOME,2024-09-23,2025-09-23,153680,50000000,250000,Active,AGENT,2024-09-23 02:00:00
P000411,NWM-RENT-25-000411,CU00250,RENT,2025-06-15,2026-06-15,22029,5000000,25000,active ,DIRECT,2025-06-15 02:00:00
P000412,NWM-HOME-25-000412,CU00138,HOME,2025-05-10,2026-05-10,150423,75000000,250000,ACTIVE,AGENT,2025-05-10 02:00:00
P000413,NWM-CPROP-24-000413,CU00338,CPROP,2024-01-07,2025-01-07,848896,200000000,1000000,Active,BROKER,2024-01-07 02:00:00
P000414,NWM-CPROP-25-000414,CU00361,CPROP,2025-11-16,2026-11-16,734724,200000000,1000000,active ,BROKER,2025-11-16 02:00:00
P000415,NWM-PAUTO-24-000415,CU00122,PAUTO,2024-11-10,2025-11-10,130408,50000000,50000,ACTIVE,BROKER,2024-11-10 02:00:00
P000416,NWM-CPROP-25-000416,CU00349,CPROP,2025-06-21,2026-06-21,1030810,200000000,500000,Active,DIRECT,2025-06-21 02:00:00
P000417,NWM-PAUTO-24-000417,CU00105,PAUTO,2024-01-09,2025-01-09,197508,25000000,100000,active ,BROKER,2024-01-09 02:00:00
P000418,NWM-HOME-24-000418,CU00195,HOME,2024-09-23,2025-09-23,212553,75000000,250000,ACTIVE,BROKER,2024-09-23 02:00:00
P000419,NWM-HOME-24-000419,CU00299,HOME,2024-03-05,2025-03-05,175836,50000000,100000,ACTIVE,AGENT,2024-03-05 02:00:00
P000420,NWM-GLIAB-24-000420,CU00347,GLIAB,2024-09-28,2025-09-28,846512,200000000,250000,active ,BROKER,2024-09-28 02:00:00
P000421,NWM-HOME-24-000421,CU00084,HOME,2024-03-24,2025-03-24,186517,30000000,250000,ACTIVE,BROKER,2024-03-24 02:00:00
P000422,NWM-PAUTO-24-000422,CU00304,PAUTO,2024-07-20,2025-07-20,212421,25000000,50000,Active,AGENT,2024-07-20 02:00:00
P000423,NWM-PAUTO-24-000423,CU00234,PAUTO,2024-07-16,2025-07-16,133925,50000000,50000,active ,BROKER,2024-07-16 02:00:00
P000424,NWM-PAUTO-25-000424,CU00299,PAUTO,2025-11-01,2026-11-01,173502,25000000,50000,Active,AGENT,2025-11-01 02:00:00
P000425,NWM-GLIAB-25-000425,CU00324,GLIAB,2025-07-16,2026-07-16,604675,200000000,0,Active,AGENT,2025-07-16 02:00:00
P000426,NWM-HOME-24-000426,CU00303,HOME,2024-03-02,2025-03-02,123589,50000000,100000,ACTIVE,DIRECT,2024-03-02 02:00:00
P000427,NWM-CPROP-24-000427,CU00332,CPROP,2024-05-05,2025-05-05,974701,200000000,1000000,Active,AGENT,2024-05-05 02:00:00
P000428,NWM-PAUTO-24-000428,CU00210,PAUTO,2024-02-01,2025-02-01,130298,10000000,50000,Active,AGENT,2024-02-01 02:00:00
P000429,NWM-RENT-25-000429,CU00226,RENT,2025-09-02,2026-09-02,17560,2500000,50000,Active,DIRECT,2025-09-02 02:00:00
P000430,NWM-CPROP-24-000430,CU00324,CPROP,2024-01-20,2025-01-20,883620,200000000,1000000,ACTIVE,AGENT,2024-01-20 02:00:00
P000431,NWM-PAUTO-24-000431,CU00307,PAUTO,2024-09-18,2025-09-18,153980,50000000,100000,Active,DIRECT,2024-09-18 02:00:00
P000432,NWM-HOME-24-000432,CU00166,HOME,2024-02-20,2025-02-20,177325,30000000,100000,Active,AGENT,2024-02-20 02:00:00
P000433,NWM-PAUTO-24-000433,CU00133,PAUTO,2024-04-01,2025-04-01,110039,50000000,50000,ACTIVE,BROKER,2024-04-01 02:00:00
P000434,NWM-RENT-24-000434,CU00277,RENT,2024-08-26,2025-08-26,27456,5000000,50000,ACTIVE,AGENT,2024-08-26 02:00:00
P000435,NWM-GLIAB-25-000435,CU00385,GLIAB,2025-11-21,2026-11-21,819360,100000000,250000,ACTIVE,DIRECT,2025-11-21 02:00:00
P000436,NWM-RENT-24-000436,CU00046,RENT,2024-02-21,2025-02-21,20393,2500000,25000,active ,DIRECT,2024-02-21 02:00:00
P000437,NWM-RENT-25-000437,CU00232, rent,2025-09-16,2026-09-16,23128,5000000,50000,active ,DIRECT,2025-09-16 02:00:00
P000438,NWM-GLIAB-24-000438,CU00338,GLIAB,2024-08-15,2025-08-15,575209,100000000,0,Active,DIRECT,2024-08-15 02:00:00
P000439,NWM-CPROP-25-000439,CU00348,CPROP,2025-09-06,2026-09-06,1020726,100000000,1000000,Active,BROKER,2025-09-06 02:00:00
P000440,NWM-PAUTO-24-000440,CU00135,PAUTO,2024-01-23,2025-01-23,184295,25000000,100000,ACTIVE,BROKER,2024-01-23 02:00:00
P000441,NWM-HOME-24-000441,CU00041,HOME,2024-01-03,2025-01-03,241004,75000000,100000,Active,DIRECT,2024-01-03 02:00:00
P000442,NWM-RENT-25-000442,CU00047,RENT,2025-07-16,2026-07-16,18011,5000000,50000,Active,DIRECT,2025-07-16 02:00:00
P000443,NWM-PAUTO-25-000443,CU00004,PAUTO,2025-06-11,2026-06-11,147261,50000000,50000,ACTIVE,AGENT,2025-06-11 02:00:00
P000444,NWM-CPROP-25-000444,CU00376,CPROP,2025-07-24,2026-07-24,1034818,200000000,500000,Active,AGENT,2025-07-24 02:00:00
P000445,NWM-HOME-24-000445,CU00095,HOME,2024-09-05,2025-09-05,229484,50000000,250000,Active,DIRECT,2024-09-05 02:00:00
P000446,NWM-CPROP-25-000446,CU00361,CPROP,2025-04-07,2026-04-07,732786,200000000,1000000,active ,AGENT,2025-04-07 02:00:00
P000447,NWM-HOME-25-000447,CU00041,HOME,2025-02-09,2026-02-09,177152,75000000,100000,ACTIVE,BROKER,2025-02-09 02:00:00
P000448,NWM-CPROP-24-000448,CU00345,CPROP,2024-07-30,2025-07-30,812725,100000000,1000000,active ,BROKER,2024-07-30 02:00:00
P000449,NWM-GLIAB-25-000449,CU00381,GLIAB,2025-01-03,2026-01-03,568805,100000000,250000,active ,BROKER,2025-01-03 02:00:00
P000450,NWM-RENT-24-000450,CU00282,RENT,2024-06-15,2025-06-15,26316,2500000,25000,Active,AGENT,2024-06-15 02:00:00
P000451,NWM-PAUTO-24-000451,CU00063,PAUTO,2024-01-31,2025-01-31,141297,50000000,100000,ACTIVE,BROKER,2024-01-31 02:00:00
P000452,NWM-PAUTO-25-000452,CU00009, pauto,2025-08-25,2026-08-25,109770,10000000,50000,Active,DIRECT,2025-08-25 02:00:00
P000453,NWM-PAUTO-24-000453,CU00202, pauto,2024-02-17,2025-02-17,158641,10000000,50000,Active,DIRECT,2024-02-17 02:00:00
P000454,NWM-RENT-25-000454,CU00151,RENT,2025-01-11,2026-01-11,42368,5000000,50000,active ,AGENT,2025-01-11 02:00:00
P000455,NWM-PAUTO-25-000455,CU00122,PAUTO,2025-04-09,2026-04-09,197181,25000000,50000,ACTIVE,AGENT,2025-04-09 02:00:00
P000456,NWM-RENT-24-000456,CU00301,RENT,2024-05-21,2025-05-21,25144,2500000,50000,ACTIVE,DIRECT,2024-05-21 02:00:00
P000457,NWM-GLIAB-24-000457,CU00327,GLIAB,2024-02-20,2025-02-20,497877,200000000,250000,Active,AGENT,2024-02-20 02:00:00
P000458,NWM-PAUTO-25-000458,CU00070,PAUTO,2025-01-06,2026-01-06,73922,25000000,50000,ACTIVE,AGENT,2025-01-06 02:00:00
P000459,NWM-RENT-25-000459,CU00212,RENT,2025-08-09,2026-08-09,22054,5000000,50000,active ,AGENT,2025-08-09 02:00:00
P000460,NWM-GLIAB-24-000460,CU00372,GLIAB,2024-03-13,2025-03-13,504592,100000000,250000,ACTIVE,BROKER,2024-03-13 02:00:00
P000461,NWM-GLIAB-25-000461,CU00364,GLIAB,2025-08-02,2026-08-02,985050,100000000,0,ACTIVE,BROKER,2025-08-02 02:00:00
P000462,NWM-PAUTO-25-000462,CU00017,PAUTO,2025-11-24,2026-11-24,169902,10000000,100000,ACTIVE,DIRECT,2025-11-24 02:00:00
P000463,NWM-PAUTO-25-000463,CU00184,PAUTO,2025-09-20,2026-09-20,192258,50000000,50000,Active,AGENT,2025-09-20 02:00:00
P000464,NWM-HOME-25-000464,CU00199,HOME,2025-08-14,2026-08-14,307272,75000000,100000,active ,DIRECT,2025-08-14 02:00:00
P000465,NWM-PAUTO-24-000465,CU00202, pauto,2024-10-22,2025-10-22,106314,25000000,50000,Active,DIRECT,2024-10-22 02:00:00
P000466,NWM-RENT-25-000466,CU00049,RENT,2025-08-09,2026-08-09,28794,2500000,50000,ACTIVE,AGENT,2025-08-09 02:00:00
P000467,NWM-PAUTO-25-000467,CU00078,PAUTO,2025-10-14,2026-10-14,179220,25000000,100000,ACTIVE,AGENT,2025-10-14 02:00:00
P000468,NWM-HOME-25-000468,CU00304,HOME,2025-07-10,2026-07-10,155435,30000000,100000,Active,DIRECT,2025-07-10 02:00:00
P000469,NWM-HOME-24-000469,CU00290,HOME,2024-05-07,2025-05-07,200105,75000000,100000,ACTIVE,DIRECT,2024-05-07 02:00:00
P000470,NWM-CPROP-25-000470,CU00360,CPROP,2025-09-10,2026-09-10,940006,200000000,1000000,ACTIVE,BROKER,2025-09-10 02:00:00
P000471,NWM-RENT-24-000471,CU00067,RENT,2024-02-21,2025-02-21,18601,2500000,25000,active ,DIRECT,2024-02-21 02:00:00
P000472,NWM-HOME-24-000472,CU00078,HOME,2024-05-02,2025-05-02,184448,75000000,250000,active ,AGENT,2024-05-02 02:00:00
P000473,NWM-RENT-24-000473,CU00156,RENT,2024-06-05,2025-06-05,18038,5000000,50000,active ,DIRECT,2024-06-05 02:00:00
P000474,NWM-PAUTO-24-000474,CU00076,PAUTO,2024-06-21,2025-06-21,128353,10000000,50000,Active,AGENT,2024-06-21 02:00:00
P000475,NWM-HOME-25-000475,CU00233,HOME,2025-04-23,2026-04-23,218940,75000000,250000,Active,BROKER,2025-04-23 02:00:00
P000476,NWM-PAUTO-24-000476,CU00191,PAUTO,2024-12-15,2025-12-15,111841,10000000,100000,active ,DIRECT,2024-12-15 02:00:00
P000477,NWM-PAUTO-25-000477,CU00259,PAUTO,2025-01-06,2026-01-06,207973,50000000,50000,Active,DIRECT,2025-01-06 02:00:00
P000478,NWM-RENT-24-000478,CU00045,RENT,2024-07-18,2025-07-18,28564,2500000,50000,Active,AGENT,2024-07-18 02:00:00
P000479,NWM-RENT-25-000479,CU00078,RENT,2025-09-22,2026-09-22,14360,2500000,25000,active ,BROKER,2025-09-22 02:00:00
P000480,NWM-HOME-25-000480,CU00117,HOME,2025-04-30,2026-04-30,290190,30000000,250000,Active,DIRECT,2025-04-30 02:00:00
