change_id,policy_id,change_effective_date,change_type,new_annual_premium_cents,new_coverage_limit_cents,new_deductible_cents,_loaded_at
CH000001,P000013,2025-12-19,ENDORSEMENT,29029,,50000,2025-12-20 02:00:00
CH000002,P000014,2025-12-20,ENDORSEMENT,702032,200000000,,2025-12-21 02:00:00
CH000003,P000015,2024-09-09,ENDORSEMENT,252394,25000000,50000,2024-09-10 02:00:00
CH000004,P000016,2025-09-07,ENDORSEMENT,289072,25000000,50000,2025-09-08 02:00:00
CH000005,P000017,2024-11-10,ENDORSEMENT,25129,,,2024-11-11 02:00:00
CH000006,P000018,2025-04-04,ENDORSEMENT,168096,50000000,,2025-04-05 02:00:00
CH000007,P000019,2025-10-21,ENDORSEMENT,274735,75000000,,2025-10-22 02:00:00
CH000008,P000022,2024-08-16,ENDORSEMENT,19722,,,2024-08-17 02:00:00
CH000009,P000023,2025-10-01,ENDORSEMENT,173337,,100000,2025-10-02 02:00:00
CH000010,P000027,2024-10-23,ENDORSEMENT,35244,5000000,,2024-10-24 02:00:00
CH000011,P000028,2025-12-28,ENDORSEMENT,168198,,,2025-12-29 02:00:00
CH000012,P000035,2024-11-13,ENDORSEMENT,193270,,,2024-11-14 02:00:00
CH000013,P000036,2024-11-18,ENDORSEMENT,26642,2500000,,2024-11-19 02:00:00
CH000014,P000037,2025-07-16,ENDORSEMENT,175862,50000000,,2025-07-17 02:00:00
CH000015,P000039,2025-10-26,ENDORSEMENT,228217,75000000,250000,2025-10-27 02:00:00
CH000016,P000040,2024-11-15,ENDORSEMENT,996718,200000000,,2024-11-16 02:00:00
CH000017,P000041,2025-01-30,ENDORSEMENT,660434,,250000,2025-01-31 02:00:00
CH000018,P000042,2025-10-09,CANCELLATION,,,,2025-10-10 02:00:00
CH000019,P000043,2024-12-17,ENDORSEMENT,131257,,100000,2024-12-18 02:00:00
CH000020,P000044,2024-08-21,CANCELLATION,,,,2024-08-22 02:00:00
CH000021,P000046,2025-08-09,CANCELLATION,,,,2025-08-10 02:00:00
CH000022,P000047,2025-07-13,ENDORSEMENT,20453,5000000,,2025-07-14 02:00:00
CH000023,P000050,2025-11-02,ENDORSEMENT,20953,,,2025-11-03 02:00:00
CH000024,P000053,2025-05-13,ENDORSEMENT,235765,,,2025-05-14 02:00:00
CH000025,P000056,2025-12-23,ENDORSEMENT,199642,,,2025-12-24 02:00:00
CH000026,P000060,2024-12-06,ENDORSEMENT,37061,5000000,,2024-12-07 02:00:00
CH000027,P000061,2024-06-18,ENDORSEMENT,31217,5000000,,2024-06-19 02:00:00
CH000028,P000062,2024-11-24,CANCELLATION,,,,2024-11-25 02:00:00
CH000029,P000063,2025-04-28,CANCELLATION,,,,2025-04-29 02:00:00
CH000030,P000065,2024-06-13,ENDORSEMENT,194097,25000000,,2024-06-14 02:00:00
CH000031,P000066,2025-10-21,ENDORSEMENT,199205,,50000,2025-10-22 02:00:00
CH000032,P000068,2025-10-18,CANCELLATION,,,,2025-10-19 02:00:00
CH000033,P000070,2025-08-24,ENDORSEMENT,251644,25000000,,2025-08-25 02:00:00
CH000034,P000071,2025-04-29,ENDORSEMENT,177307,,,2025-04-30 02:00:00
CH000035,P000075,2025-08-23,ENDORSEMENT,1254300,200000000,,2025-08-24 02:00:00
CH000036,P000078,2025-10-19,ENDORSEMENT,884431,100000000,,2025-10-20 02:00:00
CH000037,P000078,2025-12-21,CANCELLATION,,,,2025-12-22 02:00:00
CH000038,P000079,2025-03-05,ENDORSEMENT,171181,75000000,,2025-03-06 02:00:00
CH000038,P000079,2025-03-05,ENDORSEMENT,171181,75000000,,2025-03-06 02:00:00
CH000039,P000082,2025-09-29,ENDORSEMENT,41160,,25000,2025-09-30 02:00:00
CH000040,P000083,2025-12-08,ENDORSEMENT,178118,50000000,,2025-12-09 02:00:00
CH000041,P000084,2025-09-12,ENDORSEMENT,594400,,,2025-09-13 02:00:00
CH000042,P000086,2025-12-16,ENDORSEMENT,199017,25000000,,2025-12-17 02:00:00
CH000043,P000090,2025-06-23,ENDORSEMENT,28922,,,2025-06-24 02:00:00
CH000044,P000092,2024-08-11,ENDORSEMENT,787370,200000000,,2024-08-12 02:00:00
CH000045,P000093,2025-08-02,ENDORSEMENT,143521,75000000,,2025-08-03 02:00:00
CH000046,P000094,2024-07-29,ENDORSEMENT,21138,,,2024-07-30 02:00:00
CH000047,P000096,2024-06-19,ENDORSEMENT,139781,25000000,,2024-06-20 02:00:00
CH000048,P000100,2025-12-10,ENDORSEMENT,163160,,,2025-12-11 02:00:00
CH000049,P000101,2025-04-04,ENDORSEMENT,164618,,,2025-04-05 02:00:00
CH000050,P000102,2025-03-08,ENDORSEMENT,30216,5000000,50000,2025-03-09 02:00:00
CH000051,P000104,2024-11-19,ENDORSEMENT,19233,,,2024-11-20 02:00:00
CH000052,P000110,2025-10-29,ENDORSEMENT,152803,,,2025-10-30 02:00:00
CH000053,P000112,2025-02-02,ENDORSEMENT,124878,,50000,2025-02-03 02:00:00
CH000054,P000113,2025-08-24,ENDORSEMENT,224715,25000000,,2025-08-25 02:00:00
CH000055,P000114,2025-12-14,ENDORSEMENT,148130,,100000,2025-12-15 02:00:00
CH000056,P000116,2025-11-13,ENDORSEMENT,227654,,,2025-11-14 02:00:00
CH000057,P000120,2025-10-24,CANCELLATION,,,,2025-10-25 02:00:00
CH000058,P000123,2025-11-09,ENDORSEMENT,255621,,250000,2025-11-10 02:00:00
CH000059,P000125,2025-10-31,ENDORSEMENT,331301,30000000,250000,2025-11-01 02:00:00
CH000060,P000126,2025-10-29,ENDORSEMENT,227167,30000000,,2025-10-30 02:00:00
CH000061,P000127,2024-10-07,ENDORSEMENT,112213,,100000,2024-10-08 02:00:00
CH000062,P000130,2025-12-01,ENDORSEMENT,414137,100000000,,2025-12-02 02:00:00
CH000063,P000131,2024-11-19,ENDORSEMENT,842962,200000000,,2024-11-20 02:00:00
CH000064,P000132,2024-11-11,CANCELLATION,,,,2024-11-12 02:00:00
CH000065,P000134,2024-05-28,ENDORSEMENT,1264982,,250000,2024-05-29 02:00:00
CH000066,P000135,2025-04-24,ENDORSEMENT,17749,,,2025-04-25 02:00:00
CH000067,P000138,2025-08-21,ENDORSEMENT,593018,100000000,,2025-08-22 02:00:00
CH000068,P000139,2025-06-30,ENDORSEMENT,187170,,,2025-07-01 02:00:00
CH000069,P000140,2024-07-17,ENDORSEMENT,136200,25000000,50000,2024-07-18 02:00:00
CH000070,P000141,2025-11-11,CANCELLATION,,,,2025-11-12 02:00:00
CH000071,P000142,2025-02-17,ENDORSEMENT,128541,10000000,,2025-02-18 02:00:00
CH000072,P000145,2024-08-03,ENDORSEMENT,28589,,,2024-08-04 02:00:00
CH000073,P000148,2025-05-17,ENDORSEMENT,616476,,,2025-05-18 02:00:00
CH000074,P000149,2025-12-14,ENDORSEMENT,164400,75000000,,2025-12-15 02:00:00
CH000075,P000153,2025-05-31,ENDORSEMENT,37127,2500000,,2025-06-01 02:00:00
CH000076,P000154,2025-09-27,ENDORSEMENT,94888,,50000,2025-09-28 02:00:00
CH000077,P000155,2025-05-24,ENDORSEMENT,140635,50000000,100000,2025-05-25 02:00:00
CH000078,P000159,2024-11-02,CANCELLATION,,,,2024-11-03 02:00:00
CH000079,P000161,2024-02-14,ENDORSEMENT,1155628,,250000,2024-02-15 02:00:00
CH000080,P000163,2025-06-01,ENDORSEMENT,256557,50000000,,2025-06-02 02:00:00
CH000081,P000165,2025-12-14,ENDORSEMENT,258836,,,2025-12-15 02:00:00
CH000082,P000166,2024-04-16,CANCELLATION,,,,2024-04-17 02:00:00
CH000083,P000168,2025-01-03,ENDORSEMENT,346848,50000000,,2025-01-04 02:00:00
CH000084,P000169,2025-06-26,ENDORSEMENT,1025714,,,2025-06-27 02:00:00
CH000085,P000171,2025-04-04,ENDORSEMENT,215128,10000000,,2025-04-05 02:00:00
CH000086,P000172,2025-11-25,CANCELLATION,,,,2025-11-26 02:00:00
CH000087,P000173,2024-07-12,ENDORSEMENT,159170,10000000,,2024-07-13 02:00:00
CH000088,P000176,2025-02-12,ENDORSEMENT,129850,30000000,250000,2025-02-13 02:00:00
CH000089,P000177,2024-05-06,ENDORSEMENT,185729,,,2024-05-07 02:00:00
CH000090,P000179,2025-04-13,ENDORSEMENT,115484,25000000,,2025-04-14 02:00:00
CH000091,P000180,2025-12-30,CANCELLATION,,,,2025-12-31 02:00:00
CH000092,P000183,2024-08-10,CANCELLATION,,,,2024-08-11 02:00:00
CH000093,P000185,2025-11-02,CANCELLATION,,,,2025-11-03 02:00:00
CH000094,P000187,2025-11-01,CANCELLATION,,,,2025-11-02 02:00:00
CH000094,P000187,2025-11-01,CANCELLATION,,,,2025-11-02 02:00:00
CH000095,P000190,2025-08-07,ENDORSEMENT,40845,,,2025-08-08 02:00:00
CH000096,P000191,2025-08-10,ENDORSEMENT,28949,,,2025-08-11 02:00:00
CH000097,P000194,2025-02-20,ENDORSEMENT,808657,100000000,,2025-02-21 02:00:00
CH000098,P000196,2025-03-10,ENDORSEMENT,15909,,,2025-03-11 02:00:00
CH000099,P000197,2025-12-09,ENDORSEMENT,274878,,,2025-12-10 02:00:00
CH000100,P000198,2025-05-27,ENDORSEMENT,167052,,,2025-05-28 02:00:00
CH000101,P000199,2025-08-17,ENDORSEMENT,1069195,,,2025-08-18 02:00:00
CH000102,P000200,2025-12-25,ENDORSEMENT,175822,25000000,100000,2025-12-26 02:00:00
CH000103,P000204,2025-12-06,ENDORSEMENT,37772,2500000,25000,2025-12-07 02:00:00
CH000104,P000206,2025-02-02,ENDORSEMENT,23973,,,2025-02-03 02:00:00
CH000105,P000207,2025-01-23,ENDORSEMENT,107959,75000000,250000,2025-01-24 02:00:00
CH000106,P000211,2025-02-11,ENDORSEMENT,193635,50000000,,2025-02-12 02:00:00
CH000107,P000213,2025-07-16,ENDORSEMENT,137293,30000000,100000,2025-07-17 02:00:00
CH000108,P000213,2025-09-30,CANCELLATION,,,,2025-10-01 02:00:00
CH000109,P000215,2025-04-11,ENDORSEMENT,123750,,250000,2025-04-12 02:00:00
CH000110,P000216,2025-04-11,CANCELLATION,,,,2025-04-12 02:00:00
CH000111,P000217,2025-01-17,ENDORSEMENT,29583,2500000,,2025-01-18 02:00:00
CH000112,P000220,2025-11-10,CANCELLATION,,,,2025-11-11 02:00:00
CH000113,P000221,2025-11-19,ENDORSEMENT,153422,,,2025-11-20 02:00:00
CH000114,P000224,2025-01-07,CANCELLATION,,,,2025-01-08 02:00:00
CH000115,P000225,2025-04-18,ENDORSEMENT,1311633,,,2025-04-19 02:00:00
CH000116,P000227,2025-06-26,ENDORSEMENT,704297,100000000,500000,2025-06-27 02:00:00
CH000117,P000227,2025-08-17,CANCELLATION,,,,2025-08-18 02:00:00
CH000118,P000232,2025-04-12,ENDORSEMENT,24081,5000000,,2025-04-13 02:00:00
CH000119,P000233,2024-10-22,CANCELLATION,,,,2024-10-23 02:00:00
CH000120,P000235,2025-08-13,CANCELLATION,,,,2025-08-14 02:00:00
CH000121,P000237,2025-07-23,ENDORSEMENT,238251,10000000,,2025-07-24 02:00:00
CH000122,P000238,2024-11-16,ENDORSEMENT,140955,,50000,2024-11-17 02:00:00
CH000123,P000239,2025-11-29,CANCELLATION,,,,2025-11-30 02:00:00
CH000124,P000241,2025-10-20,ENDORSEMENT,194400,,250000,2025-10-21 02:00:00
CH000125,P000242,2025-04-05,ENDORSEMENT,162868,,100000,2025-04-06 02:00:00
CH000126,P000246,2024-07-24,ENDORSEMENT,167572,25000000,,2024-07-25 02:00:00
CH000127,P000251,2025-05-10,ENDORSEMENT,179585,,,2025-05-11 02:00:00
CH000128,P000253,2025-12-25,ENDORSEMENT,208609,,,2025-12-26 02:00:00
CH000129,P000254,2025-10-13,ENDORSEMENT,294362,75000000,,2025-10-14 02:00:00
CH000130,P000256,2025-05-14,ENDORSEMENT,140132,10000000,100000,2025-05-15 02:00:00
CH000131,P000257,2025-10-15,ENDORSEMENT,542158,,,2025-10-16 02:00:00
CH000132,P000258,2025-09-17,ENDORSEMENT,942475,100000000,,2025-09-18 02:00:00
CH000133,P000266,2024-10-17,ENDORSEMENT,230496,,,2024-10-18 02:00:00
CH000134,P000266,2024-10-31,CANCELLATION,,,,2024-11-01 02:00:00
CH000135,P000268,2025-01-10,ENDORSEMENT,20084,,,2025-01-11 02:00:00
CH000136,P000269,2025-11-22,ENDORSEMENT,109953,50000000,,2025-11-23 02:00:00
CH000137,P000273,2024-10-08,ENDORSEMENT,1137577,,,2024-10-09 02:00:00
CH000138,P000276,2025-09-07,CANCELLATION,,,,2025-09-08 02:00:00
CH000139,P000277,2025-10-03,CANCELLATION,,,,2025-10-04 02:00:00
CH000140,P000278,2025-08-01,ENDORSEMENT,179380,,,2025-08-02 02:00:00
CH000141,P000279,2025-04-09,ENDORSEMENT,120582,25000000,100000,2025-04-10 02:00:00
CH000142,P000280,2025-08-12,CANCELLATION,,,,2025-08-13 02:00:00
CH000143,P000284,2025-05-06,ENDORSEMENT,326887,50000000,,2025-05-07 02:00:00
CH000144,P000285,2024-07-10,ENDORSEMENT,1153995,200000000,,2024-07-11 02:00:00
CH000145,P000288,2024-11-07,ENDORSEMENT,106767,,,2024-11-08 02:00:00
CH000146,P000289,2025-11-06,ENDORSEMENT,165951,,,2025-11-07 02:00:00
CH000147,P000291,2025-01-05,ENDORSEMENT,197668,25000000,,2025-01-06 02:00:00
CH000148,P000292,2025-05-27,CANCELLATION,,,,2025-05-28 02:00:00
CH000149,P000293,2025-12-03,ENDORSEMENT,395152,100000000,,2025-12-04 02:00:00
CH000150,P000294,2024-08-18,ENDORSEMENT,875227,200000000,,2024-08-19 02:00:00
CH000151,P000297,2025-04-14,ENDORSEMENT,180818,25000000,,2025-04-15 02:00:00
CH000152,P000300,2025-05-02,ENDORSEMENT,143839,,,2025-05-03 02:00:00
CH000153,P000303,2024-11-24,ENDORSEMENT,1822572,200000000,,2024-11-25 02:00:00
CH000154,P000306,2025-08-11,ENDORSEMENT,190913,,,2025-08-12 02:00:00
CH000155,P000307,2025-12-05,ENDORSEMENT,98853,,,2025-12-06 02:00:00
CH000156,P000308,2025-06-15,CANCELLATION,,,,2025-06-16 02:00:00
CH000157,P000309,2025-05-03,ENDORSEMENT,114489,,100000,2025-05-04 02:00:00
CH000158,P000311,2025-05-19,ENDORSEMENT,162412,,,2025-05-20 02:00:00
CH000159,P000312,2025-02-13,ENDORSEMENT,615088,200000000,,2025-02-14 02:00:00
CH000160,P000314,2025-05-14,ENDORSEMENT,18677,,,2025-05-15 02:00:00
CH000161,P000315,2024-04-18,CANCELLATION,,,,2024-04-19 02:00:00
CH000162,P000316,2025-06-14,CANCELLATION,,,,2025-06-15 02:00:00
CH000163,P000318,2025-10-18,ENDORSEMENT,382337,,,2025-10-19 02:00:00
CH000164,P000320,2025-12-20,ENDORSEMENT,456535,100000000,,2025-12-21 02:00:00
CH000165,P000323,2025-11-18,ENDORSEMENT,29391,,,2025-11-19 02:00:00
CH000166,P000326,2025-10-12,ENDORSEMENT,199043,25000000,,2025-10-13 02:00:00
CH000167,P000327,2025-11-28,ENDORSEMENT,136551,50000000,50000,2025-11-29 02:00:00
CH000167,P000327,2025-11-28,ENDORSEMENT,136551,50000000,50000,2025-11-29 02:00:00
CH000168,P000328,2025-02-15,ENDORSEMENT,273368,,,2025-02-16 02:00:00
CH000169,P000332,2024-08-23,ENDORSEMENT,136526,,,2024-08-24 02:00:00
CH000170,P000333,2025-08-07,CANCELLATION,,,,2025-08-08 02:00:00
CH000171,P000335,2024-06-12,ENDORSEMENT,404051,100000000,,2024-06-13 02:00:00
CH000172,P000336,2024-11-25,ENDORSEMENT,143602,25000000,,2024-11-26 02:00:00
CH000173,P000341,2025-05-27,ENDORSEMENT,314909,,,2025-05-28 02:00:00
CH000174,P000342,2025-09-08,ENDORSEMENT,140551,50000000,,2025-09-09 02:00:00
CH000175,P000343,2024-07-01,ENDORSEMENT,157249,,,2024-07-02 02:00:00
CH000176,P000343,2025-03-27,CANCELLATION,,,,2025-03-28 02:00:00
CH000177,P000344,2025-07-28,ENDORSEMENT,27352,,50000,2025-07-29 02:00:00
CH000178,P000345,2025-11-21,ENDORSEMENT,575191,200000000,,2025-11-22 02:00:00
CH000179,P000346,2025-07-04,ENDORSEMENT,501459,200000000,,2025-07-05 02:00:00
CH000180,P000347,2025-05-20,ENDORSEMENT,851657,100000000,,2025-05-21 02:00:00
CH000181,P000348,2025-07-19,ENDORSEMENT,219811,,250000,2025-07-20 02:00:00
CH000182,P000350,2024-05-09,ENDORSEMENT,1074010,100000000,,2024-05-10 02:00:00
CH000183,P000352,2024-11-19,ENDORSEMENT,175656,,250000,2024-11-20 02:00:00
CH000184,P000360,2025-09-24,ENDORSEMENT,234736,50000000,250000,2025-09-25 02:00:00
CH000185,P000361,2025-12-19,ENDORSEMENT,169542,,,2025-12-20 02:00:00
CH000186,P000363,2024-10-09,ENDORSEMENT,122717,75000000,,2024-10-10 02:00:00
CH000186,P000363,2024-10-09,ENDORSEMENT,122717,75000000,,2024-10-10 02:00:00
CH000187,P000364,2024-04-18,ENDORSEMENT,101885,30000000,,2024-04-19 02:00:00
CH000188,P000368,2025-12-16,ENDORSEMENT,781921,,,2025-12-17 02:00:00
CH000189,P000369,2025-09-09,ENDORSEMENT,310813,,,2025-09-10 02:00:00
CH000190,P000370,2025-11-26,CANCELLATION,,,,2025-11-27 02:00:00
CH000191,P000371,2025-04-15,ENDORSEMENT,78202,10000000,100000,2025-04-16 02:00:00
CH000192,P000375,2025-12-08,ENDORSEMENT,96220,25000000,,2025-12-09 02:00:00
CH000193,P000376,2025-01-10,ENDORSEMENT,139473,50000000,,2025-01-11 02:00:00
CH000194,P000378,2025-09-20,ENDORSEMENT,807365,100000000,,2025-09-21 02:00:00
CH000195,P000381,2025-12-19,ENDORSEMENT,260676,50000000,100000,2025-12-20 02:00:00
CH000196,P000383,2025-02-09,ENDORSEMENT,25804,2500000,25000,2025-02-10 02:00:00
CH000197,P000384,2025-02-19,ENDORSEMENT,805576,,,2025-02-20 02:00:00
CH000198,P000387,2025-09-22,ENDORSEMENT,147975,10000000,,2025-09-23 02:00:00
CH000199,P000390,2025-01-29,ENDORSEMENT,183934,,,2025-01-30 02:00:00
CH000200,P000391,2025-04-11,CANCELLATION,,,,2025-04-12 02:00:00
CH000200,P000391,2025-04-11,CANCELLATION,,,,2025-04-12 02:00:00
CH000201,P000394,2024-12-08,ENDORSEMENT,722919,100000000,,2024-12-09 02:00:00
CH000202,P000397,2024-11-01,ENDORSEMENT,127344,,,2024-11-02 02:00:00
CH000203,P000398,2025-11-08,ENDORSEMENT,168889,,,2025-11-09 02:00:00
CH000204,P000400,2025-05-06,ENDORSEMENT,153605,25000000,,2025-05-07 02:00:00
CH000205,P000404,2025-11-27,ENDORSEMENT,786367,,1000000,2025-11-28 02:00:00
CH000206,P000406,2025-09-06,CANCELLATION,,,,2025-09-07 02:00:00
CH000207,P000407,2024-06-05,ENDORSEMENT,1047495,,,2024-06-06 02:00:00
CH000208,P000414,2025-12-22,ENDORSEMENT,867411,100000000,,2025-12-23 02:00:00
CH000209,P000417,2024-05-17,CANCELLATION,,,,2024-05-18 02:00:00
CH000210,P000419,2024-06-21,ENDORSEMENT,168665,75000000,,2024-06-22 02:00:00
CH000211,P000426,2024-05-25,ENDORSEMENT,151978,,,2024-05-26 02:00:00
CH000212,P000427,2024-06-25,CANCELLATION,,,,2024-06-26 02:00:00
CH000213,P000428,2024-10-14,ENDORSEMENT,161367,,,2024-10-15 02:00:00
CH000214,P000430,2024-12-06,ENDORSEMENT,789798,200000000,1000000,2024-12-07 02:00:00
CH000215,P000432,2024-11-29,ENDORSEMENT,194288,,,2024-11-30 02:00:00
CH000216,P000436,2024-10-16,ENDORSEMENT,23033,2500000,50000,2024-10-17 02:00:00
CH000217,P000437,2025-12-01,ENDORSEMENT,21720,5000000,25000,2025-12-02 02:00:00
CH000218,P000439,2025-11-13,CANCELLATION,,,,2025-11-14 02:00:00
CH000219,P000440,2024-07-23,ENDORSEMENT,209708,,,2024-07-24 02:00:00
CH000220,P000444,2025-10-31,ENDORSEMENT,1080294,200000000,,2025-11-01 02:00:00
CH000220,P000444,2025-10-31,ENDORSEMENT,1080294,200000000,,2025-11-01 02:00:00
CH000221,P000445,2025-05-11,CANCELLATION,,,,2025-05-12 02:00:00
CH000222,P000446,2025-05-23,ENDORSEMENT,671942,200000000,,2025-05-24 02:00:00
CH000223,P000448,2024-11-13,ENDORSEMENT,821537,,,2024-11-14 02:00:00
CH000224,P000448,2025-06-17,CANCELLATION,,,,2025-06-18 02:00:00
CH000225,P000449,2025-11-01,ENDORSEMENT,531503,200000000,,2025-11-02 02:00:00
CH000226,P000450,2024-09-23,ENDORSEMENT,32733,,,2024-09-24 02:00:00
CH000227,P000451,2024-07-20,ENDORSEMENT,139438,25000000,,2024-07-21 02:00:00
CH000228,P000452,2025-11-13,CANCELLATION,,,,2025-11-14 02:00:00
CH000229,P000454,2025-11-17,ENDORSEMENT,43373,,,2025-11-18 02:00:00
CH000229,P000454,2025-11-17,ENDORSEMENT,43373,,,2025-11-18 02:00:00
CH000230,P000456,2024-10-23,ENDORSEMENT,30651,,,2024-10-24 02:00:00
CH000231,P000457,2024-05-19,ENDORSEMENT,530810,200000000,,2024-05-20 02:00:00
CH000232,P000458,2025-03-03,ENDORSEMENT,83663,,,2025-03-04 02:00:00
CH000233,P000458,2025-10-25,CANCELLATION,,,,2025-10-26 02:00:00
CH000234,P000460,2024-11-27,ENDORSEMENT,525787,,250000,2024-11-28 02:00:00
CH000235,P000464,2025-12-26,CANCELLATION,,,,2025-12-27 02:00:00
CH000236,P000465,2025-01-30,ENDORSEMENT,126144,10000000,100000,2025-01-31 02:00:00
CH000237,P000465,2025-03-24,CANCELLATION,,,,2025-03-25 02:00:00
CH000238,P000466,2025-09-28,CANCELLATION,,,,2025-09-29 02:00:00
CH000239,P000467,2025-12-01,ENDORSEMENT,158144,10000000,,2025-12-02 02:00:00
CH000240,P000468,2025-08-10,ENDORSEMENT,183028,30000000,,2025-08-11 02:00:00
CH000240,P000468,2025-08-10,ENDORSEMENT,183028,30000000,,2025-08-11 02:00:00
CH000241,P000469,2024-07-23,ENDORSEMENT,200697,,250000,2024-07-24 02:00:00
CH000242,P000470,2025-12-04,ENDORSEMENT,888986,200000000,500000,2025-12-05 02:00:00
CH000243,P000476,2025-08-20,ENDORSEMENT,104077,10000000,100000,2025-08-21 02:00:00
CH000244,P000477,2025-12-25,ENDORSEMENT,191668,,,2025-12-26 02:00:00
CH000245,P000480,2025-08-17,ENDORSEMENT,265206,,,2025-08-18 02:00:00
CH000246,P000480,2025-10-09,CANCELLATION,,,,2025-10-10 02:00:00
